OrderID,CustomerID,ManagerID,Quantity,Price,Freight,OrderDate,ShippedDate
1,WY42,man83,27,66.74,11.63,2017-08-08,2017-09-28
2,HV15,man22,77,59.9,11.39,2017-08-06,2017-10-04
3,YN06,man42,34,66.57,14.73,2017-08-03,2017-10-10
4,NO36,man44,44,29.57,29.53,2017-09-16,2017-10-06
5,QW64,man97,64,57.44,15.38,2017-07-27,2017-09-24
6,JH05,man42,73,29.04,16.01,2017-09-04,2017-10-13
7,MA85,man58,99,63.8,21.12,2017-08-25,2017-09-26
8,BG58,man07,86,99.05,11.12,2017-08-26,2017-10-10
9,HI73,man99,69,98.88,27.69,2017-08-16,2017-10-19
10,QK59,man94,29,26.64,28.96,2017-07-23,2017-10-01
11,EH98,man95,91,32.1,18.87,2017-08-12,2017-10-09
12,XG84,man57,71,98.0,23.39,2017-07-30,2017-10-14
13,GU07,man62,4,78.64,25.67,2017-08-10,2017-09-20
14,QE51,man59,31,55.15,16.29,2017-08-05,2017-09-28
15,ON98,man37,45,92.96,12.68,2017-09-01,2017-10-15
16,IS41,man34,10,96.75,15.54,2017-09-13,2017-09-28
17,TB57,man39,94,36.73,12.07,2017-07-26,2017-10-08
18,JN88,man66,93,64.72,26.35,2017-08-06,2017-09-30
19,MZ58,man16,7,36.29,29.02,2017-09-17,2017-09-21
20,PT18,man37,84,51.19,21.89,2017-08-23,2017-10-10
21,ND82,man35,85,48.5,26.86,2017-09-03,2017-10-13
22,LH98,man39,52,45.49,18.53,2017-08-15,2017-10-09
23,KN59,man38,65,62.41,28.66,2017-09-13,2017-10-19
24,QP01,man10,15,75.59,26.62,2017-08-17,2017-10-02
25,GQ43,man47,93,51.35,19.59,2017-08-13,2017-09-28
26,SX76,man19,14,98.95,19.59,2017-08-19,2017-10-07
27,BL51,man42,32,62.93,22.18,2017-08-13,2017-10-14
28,PO39,man07,23,83.12,22.6,2017-08-16,2017-10-04
29,BI80,man81,81,97.09,22.53,2017-08-16,2017-10-03
30,JP95,man14,3,43.03,12.6,2017-09-07,2017-09-28
31,CE99,man35,9,83.32,24.12,2017-09-19,2017-10-13
32,WV70,man75,39,82.8,29.28,2017-07-29,2017-09-22
33,RY44,man16,8,78.7,15.34,2017-08-01,2017-10-11
34,RM23,man68,22,77.12,25.3,2017-08-22,2017-09-23
35,AR33,man57,71,38.1,12.31,2017-07-29,2017-10-04
36,LF69,man65,60,68.63,18.25,2017-08-31,2017-10-12
37,YF93,man04,66,78.51,20.26,2017-09-08,2017-10-05
38,WX65,man76,80,28.52,14.89,2017-09-12,2017-10-03
39,PU24,man61,47,74.14,23.91,2017-08-26,2017-10-06
40,TD37,man84,60,47.39,25.47,2017-08-26,2017-10-16
41,MT43,man44,53,35.86,18.68,2017-07-29,2017-10-06
42,LJ80,man08,53,36.34,28.4,2017-08-07,2017-10-14
43,YT14,man04,38,26.6,18.87,2017-08-20,2017-09-26
44,IN72,man89,15,55.11,10.69,2017-08-28,2017-10-12
45,HL12,man27,18,35.12,14.11,2017-09-13,2017-10-02
46,YB44,man95,81,63.82,10.13,2017-07-25,2017-10-19
47,YR64,man80,30,47.06,22.67,2017-09-12,2017-09-27
48,LO94,man00,63,21.1,10.48,2017-09-04,2017-09-30
49,RT17,man43,26,59.08,12.62,2017-09-14,2017-10-13
50,VY22,man54,87,94.28,29.21,2017-08-24,2017-10-01
51,TW47,man86,73,25.92,19.66,2017-09-02,2017-10-04
52,IZ61,man62,6,40.56,26.67,2017-09-10,2017-10-11
53,VD31,man26,92,52.39,20.31,2017-08-18,2017-09-29
54,RG89,man49,64,31.38,12.47,2017-08-21,2017-10-13
55,TW84,man13,28,97.26,12.38,2017-07-31,2017-10-20
56,PM63,man78,1,81.56,10.96,2017-08-24,2017-10-20
57,SK49,man64,84,28.94,20.31,2017-07-25,2017-10-07
58,YW62,man31,45,74.95,12.56,2017-07-27,2017-10-01
59,EA59,man59,13,33.77,15.19,2017-09-12,2017-10-19
60,KQ16,man82,8,37.35,12.36,2017-07-27,2017-10-03
61,FW47,man79,14,76.51,19.37,2017-08-30,2017-09-25
62,GI87,man96,38,53.12,11.31,2017-08-01,2017-10-03
63,OP30,man46,70,87.66,25.82,2017-09-05,2017-09-26
64,LZ80,man85,48,88.48,10.5,2017-09-07,2017-10-16
65,IJ85,man22,84,72.41,25.01,2017-08-10,2017-09-22
66,HD85,man95,36,37.29,28.09,2017-08-26,2017-10-12
67,GX23,man94,27,31.04,24.41,2017-07-28,2017-10-04
68,JJ54,man25,65,33.58,18.08,2017-09-18,2017-09-29
69,AY29,man24,63,74.14,20.78,2017-08-11,2017-10-07
70,OB29,man05,47,48.86,20.14,2017-08-29,2017-10-18
71,SS88,man74,8,76.01,13.13,2017-08-25,2017-09-24
72,YP93,man88,1,93.23,12.88,2017-09-02,2017-10-11
73,IW42,man01,42,56.58,14.77,2017-09-07,2017-09-28
74,RD38,man93,72,43.21,23.2,2017-09-15,2017-09-27
75,VK26,man75,28,64.19,29.99,2017-09-08,2017-09-26
76,KI62,man57,22,32.58,24.52,2017-07-26,2017-10-19
77,CK84,man28,45,82.48,17.37,2017-08-13,2017-10-19
78,ML31,man06,30,25.72,13.65,2017-09-04,2017-10-09
79,QL87,man85,96,23.35,17.03,2017-07-25,2017-10-15
80,RN41,man24,44,66.04,13.55,2017-09-06,2017-10-06
81,FK22,man18,5,64.55,15.4,2017-09-08,2017-10-17
82,AQ51,man01,88,80.69,27.61,2017-09-18,2017-10-10
83,KA30,man74,52,31.77,18.24,2017-08-04,2017-10-15
84,TX06,man37,47,55.92,14.42,2017-09-19,2017-10-11
85,WK05,man01,1,39.71,26.0,2017-08-14,2017-10-18
86,XH67,man26,3,52.97,20.5,2017-07-29,2017-09-26
87,SD39,man30,39,40.85,19.39,2017-08-02,2017-10-03
88,HG01,man75,28,99.84,18.96,2017-08-01,2017-09-26
89,IF51,man74,91,73.56,15.51,2017-08-03,2017-09-28
90,LM80,man09,48,55.91,15.84,2017-09-19,2017-09-24
91,QF71,man84,45,77.88,26.74,2017-08-02,2017-10-18
92,DF31,man14,91,66.64,25.32,2017-07-22,2017-10-13
93,EG34,man36,37,79.04,13.52,2017-09-16,2017-09-28
94,JN60,man86,67,96.36,28.01,2017-07-30,2017-09-20
95,CI92,man93,70,63.93,27.84,2017-07-27,2017-09-20
96,EB03,man23,94,37.66,14.68,2017-08-10,2017-10-18
97,EE47,man20,41,48.0,18.0,2017-08-05,2017-10-16
98,DO01,man11,39,70.26,27.03,2017-07-29,2017-09-26
99,LG81,man12,26,86.52,27.01,2017-08-31,2017-10-11
100,NY18,man37,61,86.58,11.55,2017-08-08,2017-09-23
101,WE41,man56,62,57.6,15.11,2017-09-02,2017-10-16
102,VL49,man19,17,90.32,15.62,2017-09-02,2017-10-01
103,AL26,man73,55,26.56,23.65,2017-08-25,2017-10-05
104,SL87,man43,44,84.41,28.84,2017-08-21,2017-10-17
105,UM92,man62,60,49.07,28.83,2017-08-16,2017-09-29
106,HG31,man29,30,84.89,21.73,2017-08-12,2017-09-21
107,XI65,man78,54,34.9,23.08,2017-09-04,2017-09-25
108,AV14,man61,20,22.83,18.75,2017-08-14,2017-09-21
109,OR92,man81,43,23.74,14.63,2017-08-20,2017-10-20
110,EC17,man20,94,62.99,20.76,2017-09-04,2017-10-18
111,DV73,man68,21,31.38,16.61,2017-09-17,2017-10-09
112,GK96,man07,28,95.07,27.98,2017-09-05,2017-10-04
113,YM36,man22,22,45.79,11.21,2017-09-12,2017-09-21
114,FV60,man17,55,69.66,14.58,2017-07-30,2017-10-18
115,LR04,man84,81,94.82,19.35,2017-08-20,2017-09-21
116,VA96,man62,39,89.23,28.94,2017-08-16,2017-09-20
117,XU78,man18,32,77.36,15.64,2017-07-27,2017-10-14
118,BE15,man83,80,76.54,18.15,2017-07-24,2017-10-15
119,YB77,man44,90,90.56,24.41,2017-08-19,2017-10-19
120,KZ36,man75,32,30.01,26.95,2017-09-11,2017-10-10
121,IE45,man74,11,21.67,27.31,2017-09-07,2017-10-03
122,YW98,man07,7,31.34,21.32,2017-08-29,2017-10-16
123,VX97,man73,37,40.72,23.35,2017-08-16,2017-10-14
124,OT04,man37,8,29.46,26.17,2017-09-18,2017-10-10
125,CP79,man20,56,29.53,12.08,2017-08-18,2017-10-03
126,OZ11,man08,88,73.59,10.06,2017-09-01,2017-09-21
127,MX80,man76,63,96.52,11.97,2017-08-11,2017-10-12
128,YW96,man16,51,94.65,15.37,2017-08-26,2017-10-03
129,SP96,man69,24,28.87,22.09,2017-09-12,2017-09-22
130,FN92,man43,38,78.64,17.65,2017-08-18,2017-10-07
131,HJ64,man21,97,63.11,11.85,2017-08-26,2017-10-19
132,NX59,man12,29,59.26,21.79,2017-08-11,2017-10-09
133,WM37,man77,70,34.02,22.85,2017-09-01,2017-10-08
134,GG36,man28,21,65.73,28.48,2017-07-24,2017-10-15
135,WQ05,man96,32,54.2,27.78,2017-08-15,2017-09-20
136,LR11,man56,63,35.51,21.42,2017-08-04,2017-10-14
137,XG30,man21,69,75.0,20.21,2017-09-18,2017-10-01
138,EY25,man44,5,35.16,14.56,2017-08-11,2017-09-25
139,TZ94,man72,21,47.47,26.28,2017-09-07,2017-09-26
140,PA96,man08,3,27.68,14.29,2017-09-08,2017-10-01
141,XP50,man11,55,38.76,15.69,2017-08-25,2017-10-02
142,XM13,man95,98,82.94,28.87,2017-09-08,2017-09-25
143,DG28,man26,75,64.58,25.09,2017-09-06,2017-09-24
144,WN53,man19,91,32.57,18.2,2017-08-13,2017-10-02
145,AM05,man33,69,44.18,13.79,2017-09-02,2017-10-10
146,EB82,man07,85,94.65,12.25,2017-08-16,2017-10-10
147,NO49,man74,64,21.78,21.41,2017-08-03,2017-10-14
148,MM13,man73,74,53.33,11.8,2017-09-13,2017-09-25
149,JY65,man28,38,55.51,10.49,2017-08-12,2017-10-15
150,XX11,man96,77,31.96,27.36,2017-08-29,2017-09-25
151,KH77,man57,88,34.53,27.45,2017-08-12,2017-10-16
152,AH18,man71,20,57.93,18.55,2017-09-12,2017-10-07
153,KH76,man35,1,21.99,29.86,2017-07-29,2017-10-09
154,FH35,man61,42,56.63,15.91,2017-07-22,2017-10-04
155,AV51,man76,50,79.76,20.2,2017-08-13,2017-10-08
156,ME29,man71,31,85.65,24.62,2017-08-15,2017-10-09
157,DM87,man97,85,51.53,19.48,2017-08-04,2017-10-15
158,SL74,man38,33,26.8,10.16,2017-08-10,2017-09-26
159,HQ55,man39,26,96.42,28.58,2017-09-15,2017-09-25
160,DF49,man16,97,52.68,18.99,2017-08-16,2017-09-20
161,AW00,man52,94,29.28,16.41,2017-09-17,2017-09-30
162,EB96,man55,9,89.05,25.79,2017-08-05,2017-09-23
163,GY92,man61,8,93.71,20.86,2017-08-12,2017-09-22
164,JW54,man26,35,49.98,19.53,2017-09-07,2017-09-24
165,OS46,man59,12,35.02,26.57,2017-08-08,2017-10-19
166,JB19,man60,75,51.96,21.4,2017-08-01,2017-09-22
167,BB69,man02,36,92.73,14.84,2017-07-31,2017-10-12
168,VO99,man95,4,92.87,25.1,2017-09-02,2017-10-13
169,LV17,man21,47,25.82,28.9,2017-07-27,2017-10-11
170,CM20,man55,62,60.55,26.49,2017-07-23,2017-09-26
171,EW04,man22,94,84.2,24.11,2017-08-16,2017-09-22
172,GC13,man07,72,79.91,21.24,2017-08-10,2017-10-19
173,KW02,man69,56,24.18,13.97,2017-09-04,2017-09-20
174,UU91,man58,41,47.48,20.22,2017-08-14,2017-09-22
175,QN75,man69,25,92.57,16.82,2017-08-02,2017-10-15
176,IG16,man13,99,70.09,13.71,2017-09-01,2017-10-08
177,KC64,man56,99,21.99,23.36,2017-09-16,2017-10-11
178,BN54,man18,100,93.45,20.37,2017-08-22,2017-10-07
179,IA96,man78,85,96.96,19.82,2017-09-16,2017-10-08
180,MV36,man46,42,82.13,25.44,2017-09-16,2017-10-19
181,HY62,man06,21,29.95,23.67,2017-08-27,2017-10-11
182,BE18,man31,33,26.8,29.06,2017-09-06,2017-10-06
183,OU60,man60,78,43.53,24.57,2017-07-27,2017-10-05
184,QP32,man34,67,31.39,26.52,2017-08-16,2017-10-03
185,AG45,man52,87,75.08,14.16,2017-08-10,2017-10-18
186,BB84,man73,52,24.14,12.99,2017-08-29,2017-10-20
187,VQ29,man37,15,32.59,10.63,2017-08-23,2017-10-12
188,KX20,man15,65,59.67,20.42,2017-08-13,2017-09-23
189,KE68,man77,26,75.58,29.54,2017-07-24,2017-09-23
190,EV69,man03,89,45.02,11.86,2017-08-01,2017-09-24
191,ST86,man80,17,62.34,23.55,2017-08-09,2017-09-29
192,QZ03,man44,86,82.36,10.69,2017-08-04,2017-09-29
193,QW45,man94,49,58.7,11.31,2017-08-02,2017-09-29
194,UL19,man90,86,76.12,25.52,2017-08-28,2017-09-28
195,EL35,man00,93,71.76,28.16,2017-08-13,2017-09-21
196,GL15,man20,80,64.59,17.33,2017-09-09,2017-10-15
197,MQ27,man98,24,53.92,21.44,2017-08-23,2017-09-21
198,BH63,man46,39,34.29,16.65,2017-08-15,2017-10-07
199,LB78,man46,41,59.61,13.08,2017-08-20,2017-09-28
200,FL14,man59,95,97.78,11.93,2017-07-26,2017-10-13
201,HK12,man11,23,85.18,16.82,2017-08-11,2017-10-06
202,XX88,man79,95,57.57,29.27,2017-07-27,2017-10-17
203,WB54,man05,71,55.77,23.84,2017-08-30,2017-10-07
204,EC74,man74,29,91.94,28.21,2017-08-28,2017-10-19
205,TG50,man62,24,49.48,26.33,2017-08-23,2017-09-23
206,YT43,man80,31,60.62,20.77,2017-08-26,2017-10-20
207,VZ47,man17,31,52.24,18.16,2017-08-02,2017-10-12
208,RB40,man46,93,47.49,12.68,2017-07-24,2017-10-19
209,DA69,man57,81,82.21,23.01,2017-08-21,2017-09-26
210,NM45,man35,43,57.76,26.31,2017-07-30,2017-10-17
211,MX89,man13,21,57.64,27.78,2017-09-14,2017-10-10
212,SU89,man76,43,94.37,23.99,2017-08-27,2017-10-09
213,KJ78,man71,57,42.5,19.94,2017-09-16,2017-10-05
214,IT35,man80,75,31.29,21.86,2017-08-22,2017-10-07
215,YW68,man77,61,23.57,27.89,2017-08-15,2017-10-16
216,DT42,man39,23,81.65,10.43,2017-09-12,2017-10-03
217,QH03,man86,64,95.47,15.17,2017-09-16,2017-10-05
218,EZ24,man35,69,67.64,14.61,2017-08-02,2017-10-12
219,OR84,man54,69,74.37,12.58,2017-09-06,2017-10-14
220,VD40,man33,52,92.34,13.5,2017-07-25,2017-10-09
221,IP69,man17,99,28.41,24.76,2017-08-28,2017-09-24
222,RE00,man99,92,31.54,17.11,2017-09-13,2017-09-21
223,XL76,man48,61,80.53,17.95,2017-08-29,2017-10-02
224,TB05,man91,49,64.3,17.01,2017-08-26,2017-10-15
225,ZT13,man73,38,96.5,28.88,2017-08-30,2017-10-02
226,IU61,man91,37,56.04,22.84,2017-08-16,2017-09-20
227,AG28,man87,31,99.66,12.87,2017-09-11,2017-10-14
228,NV50,man44,22,59.2,10.26,2017-09-01,2017-09-29
229,RA61,man30,100,75.38,19.71,2017-08-26,2017-09-28
230,LI33,man90,12,73.03,29.38,2017-08-06,2017-09-28
231,VU36,man14,98,22.06,26.35,2017-08-17,2017-09-22
232,DS81,man95,95,58.83,18.46,2017-08-12,2017-10-20
233,BW08,man60,84,70.18,16.5,2017-08-26,2017-10-02
234,QG15,man65,99,40.67,23.54,2017-08-12,2017-09-30
235,JH81,man55,46,80.75,29.73,2017-08-06,2017-10-20
236,SF06,man18,9,37.87,11.55,2017-07-22,2017-10-07
237,SC42,man92,74,61.96,20.95,2017-08-09,2017-10-05
238,IN70,man61,46,91.73,26.96,2017-08-31,2017-10-17
239,HI01,man23,86,49.96,28.93,2017-08-17,2017-10-10
240,WZ97,man95,61,81.25,13.71,2017-08-01,2017-10-10
241,MS16,man42,86,73.66,28.62,2017-08-01,2017-09-30
242,NN47,man11,41,94.15,29.2,2017-09-11,2017-09-30
243,GF00,man45,22,31.51,29.9,2017-08-25,2017-10-03
244,CB71,man79,85,79.55,21.78,2017-08-17,2017-09-28
245,FF12,man73,5,29.94,26.31,2017-09-08,2017-09-20
246,IE28,man72,26,72.76,15.28,2017-09-08,2017-10-06
247,AK48,man38,5,78.24,16.92,2017-08-05,2017-09-27
248,LS66,man77,51,75.76,15.48,2017-08-15,2017-10-01
249,MC12,man79,18,98.8,27.94,2017-08-13,2017-10-01
250,RV33,man70,74,21.01,11.68,2017-08-26,2017-10-17
251,NP25,man60,69,65.38,19.45,2017-09-15,2017-09-23
252,DC70,man34,47,37.59,18.65,2017-08-14,2017-09-24
253,BV21,man66,19,35.48,14.42,2017-07-23,2017-10-15
254,JL10,man36,82,62.74,19.74,2017-08-29,2017-09-30
255,MW92,man65,68,77.38,22.65,2017-08-12,2017-10-09
256,OU49,man04,8,59.35,16.0,2017-09-19,2017-10-02
257,AP52,man59,66,62.01,11.96,2017-08-13,2017-09-29
258,YU43,man06,53,64.68,11.43,2017-07-26,2017-10-01
259,CI01,man32,74,30.6,18.17,2017-08-18,2017-10-19
260,JW32,man82,19,61.1,26.4,2017-07-28,2017-10-19
261,RY28,man74,2,88.28,17.87,2017-07-25,2017-10-05
262,HC96,man04,31,61.99,10.94,2017-09-18,2017-09-23
263,IM81,man92,83,72.68,26.97,2017-08-20,2017-10-18
264,GG38,man95,4,43.0,16.47,2017-08-01,2017-09-20
265,DX84,man58,83,73.48,26.06,2017-07-31,2017-10-02
266,MQ97,man58,7,44.38,25.37,2017-08-23,2017-10-01
267,CY62,man91,35,98.85,11.19,2017-09-01,2017-09-28
268,IM27,man84,75,79.54,17.64,2017-08-15,2017-09-25
269,LP84,man41,92,34.91,13.64,2017-08-01,2017-10-02
270,ZT95,man43,40,95.72,29.04,2017-09-02,2017-09-29
271,RL94,man30,47,28.15,27.31,2017-08-10,2017-09-30
272,LZ88,man19,60,22.62,22.6,2017-08-14,2017-10-15
273,WG45,man12,13,33.4,28.19,2017-08-28,2017-09-29
274,TJ19,man02,44,36.74,29.75,2017-09-19,2017-10-15
275,WY81,man43,5,47.47,12.28,2017-09-13,2017-10-02
276,XX12,man28,4,36.46,17.28,2017-09-11,2017-09-22
277,KE86,man45,94,80.89,11.44,2017-07-27,2017-09-22
278,OC35,man51,58,62.44,20.6,2017-08-12,2017-10-03
279,BY26,man96,13,89.49,20.48,2017-09-03,2017-10-17
280,MD07,man53,33,51.64,15.59,2017-07-28,2017-09-26
281,TQ47,man08,78,55.37,29.53,2017-08-01,2017-10-08
282,LG88,man83,28,64.13,11.74,2017-08-05,2017-10-15
283,IY07,man18,21,68.26,13.08,2017-09-02,2017-09-27
284,EG38,man23,74,75.0,19.11,2017-07-30,2017-09-25
285,MO19,man45,50,60.78,28.98,2017-09-07,2017-09-22
286,LG96,man07,18,96.73,27.89,2017-08-28,2017-09-24
287,MW40,man43,85,24.84,22.24,2017-08-18,2017-09-24
288,IE21,man40,71,44.97,18.67,2017-09-18,2017-09-25
289,WM65,man04,57,42.32,26.28,2017-09-18,2017-09-21
290,RY33,man24,1,27.2,12.54,2017-09-01,2017-09-22
291,KK64,man08,78,36.38,13.95,2017-09-12,2017-10-13
292,IG73,man60,72,59.78,18.28,2017-08-06,2017-10-16
293,EL57,man66,94,50.71,27.89,2017-08-27,2017-09-22
294,HE84,man97,74,60.76,23.32,2017-08-23,2017-10-08
295,AJ00,man72,72,46.27,11.48,2017-09-12,2017-10-07
296,NM19,man30,54,30.4,11.61,2017-09-08,2017-10-05
297,OP11,man32,87,52.41,19.65,2017-08-03,2017-09-20
298,TR11,man84,2,29.09,10.9,2017-07-29,2017-10-03
299,XH95,man03,68,48.35,27.32,2017-09-04,2017-09-26
300,AH49,man62,3,62.75,15.71,2017-08-25,2017-09-27
301,VX61,man25,86,28.79,25.87,2017-08-27,2017-09-28
302,TY03,man55,79,44.08,11.68,2017-08-08,2017-10-02
303,HC45,man25,26,50.93,22.18,2017-07-27,2017-10-04
304,PQ68,man39,4,85.19,26.99,2017-08-24,2017-09-28
305,YT12,man14,44,34.28,12.58,2017-09-15,2017-09-24
306,SR85,man58,96,62.34,22.85,2017-07-25,2017-09-20
307,PS08,man89,74,71.07,23.9,2017-08-07,2017-10-14
308,QI35,man40,62,49.62,29.21,2017-08-24,2017-09-20
309,VV57,man82,28,99.96,11.96,2017-08-30,2017-10-17
310,BT00,man49,40,85.95,12.81,2017-08-26,2017-09-27
311,XT23,man15,34,74.72,14.05,2017-07-28,2017-10-01
312,RG95,man24,99,42.72,24.52,2017-08-07,2017-10-03
313,UJ40,man87,68,60.29,16.27,2017-09-17,2017-10-10
314,HU65,man02,1,47.4,21.52,2017-09-06,2017-10-07
315,XD64,man30,87,38.74,25.95,2017-08-08,2017-09-20
316,TZ68,man70,6,55.01,22.71,2017-08-22,2017-10-03
317,BY64,man72,26,54.32,20.08,2017-08-20,2017-09-23
318,GJ70,man08,20,60.22,22.84,2017-09-11,2017-10-19
319,SO69,man82,75,36.37,28.0,2017-08-17,2017-10-01
320,UU88,man54,28,34.98,22.76,2017-08-14,2017-10-18
321,AR96,man71,5,28.41,25.4,2017-08-21,2017-09-24
322,GJ07,man87,56,46.5,17.88,2017-08-03,2017-09-28
323,HW90,man35,16,97.32,29.55,2017-09-10,2017-09-22
324,AQ37,man81,71,21.19,13.97,2017-07-22,2017-09-21
325,BL80,man63,7,57.2,13.13,2017-08-14,2017-10-19
326,ZD07,man26,24,79.95,20.28,2017-08-07,2017-09-22
327,GL71,man95,51,67.09,18.76,2017-08-27,2017-09-30
328,FI61,man95,56,75.01,14.85,2017-08-29,2017-10-10
329,ST97,man13,21,83.29,10.94,2017-09-20,2017-10-12
330,RI34,man03,27,58.01,17.91,2017-08-09,2017-09-25
331,EQ45,man05,83,32.3,12.9,2017-09-09,2017-10-10
332,KR56,man24,75,46.02,13.68,2017-07-30,2017-09-25
333,UE35,man11,38,77.32,28.4,2017-07-31,2017-10-03
334,VC09,man02,33,71.3,20.13,2017-08-12,2017-10-07
335,OC45,man20,11,80.5,11.12,2017-08-02,2017-09-26
336,NX18,man16,37,34.61,14.79,2017-08-25,2017-10-13
337,FW73,man01,2,88.77,15.77,2017-08-02,2017-10-08
338,NV19,man51,65,49.0,23.31,2017-08-12,2017-10-01
339,ID99,man87,79,56.0,14.7,2017-08-09,2017-10-07
340,JM36,man68,56,34.57,19.05,2017-08-21,2017-10-11
341,VI00,man63,42,59.09,18.02,2017-09-13,2017-10-03
342,DE51,man59,50,21.05,19.91,2017-08-09,2017-10-02
343,GT04,man60,18,98.63,25.67,2017-09-16,2017-10-16
344,JV14,man48,38,43.19,13.51,2017-09-06,2017-10-05
345,FQ46,man98,86,84.33,20.13,2017-09-02,2017-09-20
346,DD52,man75,83,85.16,27.97,2017-07-25,2017-10-07
347,BS95,man85,45,76.38,15.66,2017-08-07,2017-10-08
348,GP67,man55,78,51.47,16.55,2017-08-29,2017-09-23
349,OJ73,man08,67,93.38,22.83,2017-09-11,2017-10-16
350,JL82,man83,83,85.58,19.32,2017-08-20,2017-09-23
351,BK59,man27,12,40.08,28.08,2017-08-17,2017-10-08
352,AR70,man00,88,80.18,28.88,2017-08-25,2017-10-20
353,QE04,man38,6,20.58,17.44,2017-08-07,2017-10-18
354,EC52,man82,77,68.97,16.95,2017-09-16,2017-10-03
355,QA09,man66,33,73.83,25.14,2017-08-08,2017-10-01
356,ML99,man16,45,77.19,18.6,2017-08-30,2017-09-21
357,JC15,man76,70,29.23,13.39,2017-08-12,2017-10-18
358,UQ95,man01,83,37.48,21.86,2017-07-31,2017-10-11
359,OT40,man16,70,74.34,11.98,2017-07-27,2017-09-28
360,XW15,man01,53,23.16,13.39,2017-09-06,2017-09-28
361,BW98,man74,27,21.72,22.91,2017-09-09,2017-10-06
362,HL35,man35,33,45.39,10.25,2017-09-06,2017-10-08
363,CB62,man46,24,44.56,28.71,2017-09-18,2017-10-11
364,BA91,man40,43,25.22,24.45,2017-09-16,2017-09-26
365,ZM48,man65,49,35.17,16.73,2017-08-08,2017-10-14
366,VY96,man53,44,50.39,18.03,2017-07-22,2017-10-07
367,UB01,man66,66,54.93,26.51,2017-08-12,2017-09-22
368,CG56,man29,90,27.38,22.95,2017-08-30,2017-10-05
369,IL62,man76,64,96.25,21.37,2017-09-06,2017-10-02
370,WA81,man67,60,75.32,12.73,2017-08-20,2017-10-11
371,EM71,man63,78,49.28,12.9,2017-09-16,2017-10-12
372,LQ36,man20,99,36.13,24.82,2017-08-14,2017-10-02
373,VO32,man19,10,31.83,13.96,2017-08-27,2017-10-12
374,BQ21,man77,5,76.85,29.84,2017-08-31,2017-10-08
375,NC20,man89,73,89.05,11.16,2017-08-23,2017-10-20
376,AX49,man14,26,94.33,15.86,2017-08-14,2017-10-09
377,AT58,man73,80,83.18,18.99,2017-09-13,2017-10-16
378,JJ21,man44,1,21.26,26.0,2017-08-24,2017-10-15
379,RP84,man60,47,28.27,27.38,2017-08-07,2017-10-09
380,LA60,man39,91,79.81,18.35,2017-07-27,2017-09-28
381,AU96,man87,15,34.72,18.72,2017-09-18,2017-09-21
382,ZP15,man81,34,46.86,29.01,2017-08-06,2017-10-02
383,BJ62,man09,67,82.46,26.65,2017-09-07,2017-10-16
384,XV90,man80,95,96.24,13.39,2017-08-10,2017-10-18
385,GL85,man75,40,88.14,23.31,2017-08-01,2017-10-07
386,SZ53,man81,58,99.4,22.56,2017-08-12,2017-09-24
387,VE13,man47,81,53.35,16.44,2017-08-16,2017-10-09
388,EE13,man07,26,73.71,27.46,2017-08-02,2017-10-14
389,VC20,man40,53,50.88,26.75,2017-07-26,2017-09-29
390,KT28,man40,13,86.82,24.87,2017-08-01,2017-10-01
391,VL96,man67,74,45.88,14.54,2017-08-24,2017-10-02
392,WK42,man49,85,29.47,28.82,2017-08-13,2017-09-27
393,EC33,man79,81,90.87,28.1,2017-09-13,2017-09-24
394,NA50,man50,5,43.0,28.73,2017-08-09,2017-10-17
395,US09,man07,24,93.18,29.99,2017-08-03,2017-10-19
396,XX21,man02,63,56.07,28.22,2017-07-26,2017-10-13
397,VY42,man90,87,57.09,14.16,2017-09-16,2017-10-15
398,EX29,man11,95,93.0,11.05,2017-08-11,2017-10-01
399,XW39,man03,76,81.45,11.13,2017-08-21,2017-10-19
400,GC62,man05,83,51.52,26.55,2017-09-13,2017-09-21
401,EN41,man78,10,56.62,27.82,2017-09-17,2017-10-16
402,ZD56,man56,70,71.43,15.53,2017-09-07,2017-10-01
403,QI82,man91,3,74.29,25.47,2017-08-31,2017-10-08
404,FJ06,man04,62,37.47,27.11,2017-08-14,2017-10-18
405,PY42,man33,39,95.57,11.61,2017-08-28,2017-10-12
406,SJ30,man54,13,78.52,11.71,2017-07-27,2017-10-09
407,OB57,man94,30,91.8,10.38,2017-08-10,2017-10-07
408,MT92,man06,62,94.15,22.02,2017-08-25,2017-09-24
409,VK67,man62,3,82.37,28.13,2017-08-20,2017-10-16
410,RY30,man89,51,93.62,18.55,2017-08-16,2017-10-05
411,MG28,man68,8,39.04,18.88,2017-08-28,2017-09-29
412,UQ50,man42,13,29.63,17.21,2017-08-27,2017-10-05
413,TJ85,man46,88,79.06,22.79,2017-07-24,2017-10-10
414,SN08,man72,50,77.75,15.11,2017-08-26,2017-10-08
415,PD90,man58,88,29.25,11.04,2017-08-01,2017-10-07
416,QW98,man02,34,26.42,27.7,2017-08-20,2017-09-24
417,JX75,man73,10,78.35,26.78,2017-09-15,2017-09-30
418,CU40,man91,14,90.75,18.59,2017-09-07,2017-10-13
419,PU86,man41,49,36.08,19.62,2017-09-04,2017-10-19
420,QT42,man58,15,28.49,23.34,2017-08-22,2017-10-04
421,ZR44,man24,17,76.75,19.29,2017-08-22,2017-10-17
422,ZC01,man80,78,66.54,18.12,2017-08-01,2017-10-20
423,FY84,man49,2,82.71,22.33,2017-09-10,2017-09-23
424,CI76,man62,32,66.18,19.94,2017-08-25,2017-10-06
425,UT91,man75,17,85.67,23.97,2017-08-23,2017-10-05
426,BZ22,man41,25,67.54,21.74,2017-08-30,2017-10-13
427,XO13,man61,6,21.62,13.66,2017-08-08,2017-10-11
428,IN61,man71,79,90.95,19.28,2017-08-29,2017-09-20
429,WK21,man36,59,61.22,28.41,2017-08-15,2017-09-27
430,MX06,man96,62,85.22,16.74,2017-08-26,2017-10-13
431,SX55,man41,100,38.51,20.73,2017-08-18,2017-09-29
432,II30,man21,91,45.15,12.53,2017-09-06,2017-10-14
433,JO38,man44,56,47.03,22.36,2017-08-06,2017-10-07
434,AQ42,man41,6,51.39,14.4,2017-08-17,2017-10-12
435,BQ95,man41,18,97.49,14.63,2017-08-01,2017-09-26
436,PN71,man99,12,49.41,21.08,2017-09-17,2017-10-18
437,WD33,man03,70,20.36,19.26,2017-08-14,2017-10-16
438,SL34,man26,96,45.27,16.32,2017-08-23,2017-10-18
439,XJ04,man05,21,92.83,24.95,2017-08-10,2017-10-16
440,SP07,man20,52,98.17,21.38,2017-08-20,2017-10-11
441,VS33,man59,9,43.15,11.15,2017-08-29,2017-10-01
442,YK48,man40,2,32.33,12.47,2017-09-15,2017-09-26
443,QM56,man65,24,67.56,27.19,2017-09-18,2017-10-19
444,OO43,man78,12,75.36,22.38,2017-07-24,2017-09-30
445,AX37,man64,74,42.73,10.25,2017-08-01,2017-09-21
446,TZ72,man33,74,27.49,13.54,2017-09-18,2017-09-21
447,RC34,man12,56,31.41,26.82,2017-08-12,2017-10-10
448,XH77,man58,100,63.61,17.36,2017-08-26,2017-10-15
449,HX75,man48,62,38.25,12.04,2017-09-02,2017-10-02
450,FB47,man38,9,39.63,18.06,2017-08-03,2017-10-14
451,JL23,man11,39,99.69,13.69,2017-08-02,2017-10-17
452,PD89,man84,75,61.37,12.8,2017-08-19,2017-09-30
453,XA05,man29,37,38.68,20.49,2017-09-02,2017-10-20
454,CW16,man40,53,25.36,15.86,2017-08-27,2017-09-21
455,DB61,man18,64,94.7,21.99,2017-08-26,2017-10-09
456,JI19,man07,77,32.91,24.18,2017-09-08,2017-10-13
457,YI87,man85,82,35.73,14.86,2017-07-26,2017-10-18
458,BR93,man91,75,45.44,24.59,2017-08-22,2017-09-20
459,NV29,man71,31,26.03,18.76,2017-09-12,2017-09-23
460,BX05,man86,35,20.89,13.63,2017-07-23,2017-10-15
461,VA25,man24,71,90.93,26.08,2017-08-12,2017-10-01
462,SN38,man73,95,73.21,11.93,2017-09-05,2017-09-30
463,FI57,man11,25,42.71,28.04,2017-09-14,2017-10-20
464,YQ62,man23,42,36.86,23.44,2017-07-26,2017-10-10
465,ZB24,man27,58,56.42,19.54,2017-08-19,2017-09-26
466,RH11,man03,6,70.52,11.17,2017-08-01,2017-10-19
467,GJ88,man67,4,86.08,22.36,2017-09-05,2017-10-07
468,YD95,man78,91,69.15,25.32,2017-08-15,2017-10-16
469,BX27,man08,47,73.15,26.81,2017-08-01,2017-10-17
470,FI84,man42,69,34.19,28.57,2017-09-04,2017-10-12
471,VG44,man57,82,61.05,18.34,2017-08-12,2017-09-24
472,VD16,man36,39,79.12,23.99,2017-08-31,2017-09-29
473,YV22,man79,37,57.8,21.6,2017-08-28,2017-10-16
474,SB05,man95,5,48.39,26.99,2017-08-20,2017-10-04
475,DC59,man37,17,75.17,25.67,2017-09-03,2017-09-26
476,CK56,man38,3,59.71,15.99,2017-09-15,2017-09-22
477,JN75,man72,80,47.81,27.5,2017-07-30,2017-09-20
478,KW00,man07,64,48.98,11.11,2017-09-15,2017-10-15
479,PF45,man67,28,97.79,24.02,2017-09-16,2017-10-11
480,UF52,man00,86,88.26,27.81,2017-08-23,2017-10-07
481,CZ82,man14,79,59.73,18.25,2017-08-11,2017-10-03
482,MP79,man74,26,49.62,12.69,2017-08-04,2017-10-05
483,JL01,man00,50,43.91,15.67,2017-08-14,2017-09-27
484,KQ84,man12,60,37.83,27.85,2017-08-23,2017-09-25
485,BT41,man51,31,86.13,10.55,2017-09-07,2017-09-29
486,IV69,man08,7,23.82,23.24,2017-08-30,2017-10-16
487,NW78,man06,10,41.39,28.47,2017-08-20,2017-10-19
488,VB21,man09,49,28.84,28.93,2017-07-31,2017-09-25
489,MQ41,man51,69,90.11,24.73,2017-08-31,2017-10-17
490,PT33,man76,99,28.37,26.08,2017-08-02,2017-09-22
491,LZ89,man84,23,94.11,29.58,2017-07-24,2017-09-27
492,KC08,man96,62,33.44,15.93,2017-07-27,2017-10-09
493,YH37,man07,95,23.11,23.58,2017-08-29,2017-09-24
494,FQ86,man91,73,83.66,20.21,2017-09-12,2017-10-02
495,SA10,man22,30,67.89,23.76,2017-09-12,2017-09-27
496,JL03,man28,6,67.02,29.93,2017-08-21,2017-10-10
497,ZN26,man79,25,58.02,10.99,2017-09-01,2017-09-25
498,ZS02,man97,84,51.77,15.13,2017-07-31,2017-10-10
499,VT64,man40,88,27.97,19.14,2017-07-26,2017-10-08
500,DZ30,man08,97,33.73,27.14,2017-08-03,2017-10-07
501,AM33,man81,95,34.85,17.82,2017-08-17,2017-10-01
502,LT14,man62,91,35.51,29.08,2017-09-08,2017-10-14
503,OQ46,man94,69,93.38,19.4,2017-08-25,2017-10-18
504,YU04,man56,5,97.89,28.26,2017-07-22,2017-09-28
505,DN51,man66,59,61.72,22.28,2017-09-13,2017-09-29
506,YX19,man06,80,88.14,23.25,2017-08-15,2017-10-11
507,NC25,man71,19,26.93,28.74,2017-08-17,2017-09-23
508,PE76,man17,19,39.57,17.3,2017-08-15,2017-10-16
509,RC60,man59,40,96.76,13.37,2017-08-29,2017-09-29
510,VW98,man21,21,93.9,29.79,2017-07-24,2017-09-20
511,RO70,man49,24,95.61,16.2,2017-08-22,2017-10-14
512,GP01,man12,31,65.0,12.82,2017-09-01,2017-10-03
513,CC33,man99,43,77.7,13.77,2017-09-11,2017-09-27
514,NA24,man31,5,90.33,18.77,2017-09-20,2017-09-25
515,JR09,man16,85,79.73,15.03,2017-08-29,2017-10-14
516,CU08,man77,74,95.53,27.33,2017-07-23,2017-10-15
517,LA15,man24,24,30.59,13.58,2017-08-16,2017-09-29
518,TN85,man87,23,21.2,19.53,2017-09-03,2017-10-18
519,KK73,man51,1,58.14,16.61,2017-08-03,2017-09-22
520,LO54,man09,27,55.37,12.0,2017-08-23,2017-09-24
521,CJ92,man84,69,72.43,26.45,2017-08-17,2017-09-22
522,RQ82,man72,61,80.59,24.6,2017-09-15,2017-09-20
523,HL85,man46,62,67.35,22.54,2017-09-19,2017-10-01
524,RT68,man85,40,98.8,12.7,2017-08-05,2017-09-21
525,QP45,man32,92,37.11,23.76,2017-08-20,2017-09-24
526,JZ62,man59,13,78.66,20.14,2017-08-20,2017-09-21
527,KW53,man86,25,39.17,10.58,2017-08-05,2017-09-28
528,KV64,man65,29,92.42,14.53,2017-08-18,2017-09-27
529,GU21,man72,6,81.74,21.54,2017-08-22,2017-09-25
530,NF69,man05,25,80.84,28.75,2017-08-23,2017-10-12
531,AV26,man88,53,61.36,20.48,2017-09-01,2017-10-14
532,BW54,man61,51,27.22,25.0,2017-08-29,2017-10-09
533,ZM32,man42,88,63.64,12.0,2017-07-28,2017-09-30
534,KH61,man08,71,56.07,21.63,2017-07-29,2017-09-30
535,UW69,man40,9,46.27,29.37,2017-08-15,2017-10-01
536,KW12,man36,31,33.08,18.25,2017-09-14,2017-10-08
537,IJ16,man10,29,35.53,28.75,2017-09-04,2017-10-09
538,BG09,man71,52,82.66,19.33,2017-08-15,2017-10-08
539,RD54,man57,18,73.84,27.5,2017-08-20,2017-09-22
540,AT62,man32,86,32.53,28.67,2017-08-06,2017-09-27
541,HI06,man13,63,90.83,26.86,2017-09-10,2017-09-29
542,IR98,man86,67,74.61,16.8,2017-07-28,2017-10-14
543,HX54,man61,9,67.85,10.51,2017-08-05,2017-10-11
544,DN19,man53,98,76.95,24.42,2017-08-11,2017-09-22
545,KX12,man57,6,68.85,26.87,2017-08-14,2017-10-14
546,HT53,man38,81,20.62,23.5,2017-08-07,2017-10-14
547,OZ40,man09,20,52.8,19.11,2017-08-26,2017-09-25
548,WE68,man51,40,84.29,18.38,2017-07-29,2017-10-20
549,ZL51,man95,85,33.19,18.7,2017-08-08,2017-10-06
550,KZ59,man99,93,77.88,20.95,2017-08-19,2017-10-06
551,TJ20,man58,94,56.07,18.65,2017-09-18,2017-09-21
552,XK95,man79,42,60.69,17.75,2017-07-29,2017-09-23
553,WT19,man93,30,63.12,10.55,2017-08-03,2017-10-06
554,HR87,man17,78,30.15,22.86,2017-08-27,2017-10-15
555,EM92,man87,34,58.56,27.57,2017-09-12,2017-09-21
556,IC47,man54,57,49.9,19.09,2017-07-25,2017-09-27
557,YF06,man94,67,77.21,11.45,2017-07-22,2017-10-02
558,JW51,man71,40,56.63,23.7,2017-08-30,2017-10-19
559,BP27,man56,7,95.64,27.24,2017-09-19,2017-10-08
560,RV28,man66,66,97.85,10.52,2017-08-08,2017-09-24
561,FJ59,man32,8,67.26,12.8,2017-08-15,2017-10-01
562,OK31,man71,69,30.75,16.37,2017-08-28,2017-10-12
563,CF41,man55,34,69.79,29.87,2017-08-26,2017-09-21
564,CD84,man13,85,38.63,20.78,2017-07-30,2017-09-29
565,AW82,man92,87,87.33,25.99,2017-09-10,2017-10-07
566,ZY80,man27,2,33.91,12.52,2017-07-31,2017-09-30
567,BO19,man03,95,25.19,21.92,2017-07-27,2017-09-28
568,LJ75,man85,53,81.98,24.16,2017-09-20,2017-10-07
569,BO47,man41,69,48.68,12.22,2017-08-23,2017-09-28
570,AD28,man70,46,63.14,24.19,2017-08-01,2017-10-20
571,ZT10,man63,99,98.73,13.1,2017-09-13,2017-10-14
572,GB68,man28,93,73.52,29.91,2017-07-26,2017-10-20
573,CX22,man19,65,90.62,20.03,2017-09-20,2017-09-29
574,PC59,man94,71,60.79,24.45,2017-09-05,2017-10-08
575,BX98,man54,38,44.96,19.97,2017-08-31,2017-09-21
576,XI98,man69,73,21.31,18.3,2017-07-25,2017-10-07
577,IR94,man90,62,23.26,11.61,2017-08-26,2017-09-21
578,FI76,man37,77,62.97,11.02,2017-09-03,2017-09-23
579,XP28,man12,1,37.04,17.11,2017-08-10,2017-10-10
580,YO73,man64,2,86.59,22.68,2017-08-19,2017-10-01
581,GB33,man95,23,32.63,21.1,2017-08-27,2017-09-28
582,AZ37,man88,90,38.28,20.0,2017-07-22,2017-09-29
583,IN95,man87,79,42.67,19.97,2017-08-07,2017-10-10
584,CV98,man77,11,36.91,19.36,2017-09-15,2017-10-05
585,QW93,man59,60,66.58,23.39,2017-09-19,2017-10-19
586,JU28,man48,78,23.04,14.42,2017-08-08,2017-09-27
587,BS97,man40,46,45.23,17.55,2017-08-07,2017-10-01
588,KO07,man94,52,92.65,12.54,2017-08-30,2017-10-04
589,LJ34,man71,24,85.13,27.97,2017-07-28,2017-10-02
590,RE76,man03,27,54.2,12.57,2017-08-06,2017-09-29
591,RQ26,man05,37,75.51,10.22,2017-08-28,2017-09-25
592,AW87,man49,95,33.07,25.15,2017-09-01,2017-10-06
593,JU26,man36,64,61.36,23.42,2017-08-21,2017-10-01
594,LK77,man60,39,98.16,27.4,2017-08-27,2017-09-27
595,IO81,man63,48,39.99,18.8,2017-08-15,2017-10-14
596,TW39,man07,27,65.12,18.68,2017-08-07,2017-10-01
597,CZ44,man08,92,34.26,10.29,2017-08-10,2017-10-03
598,CR68,man93,25,67.21,20.55,2017-09-08,2017-09-25
599,DB25,man39,44,77.74,13.35,2017-09-10,2017-10-12
600,KP95,man15,41,63.12,25.39,2017-08-18,2017-10-10
601,YL66,man92,83,27.98,10.1,2017-09-19,2017-09-23
602,OX47,man94,60,89.27,10.19,2017-09-12,2017-09-24
603,QI49,man97,64,26.89,16.77,2017-08-08,2017-09-29
604,TK99,man24,90,49.06,21.63,2017-08-04,2017-10-20
605,VW70,man59,51,59.66,15.73,2017-09-06,2017-10-02
606,WL33,man48,47,40.21,23.45,2017-09-13,2017-10-07
607,VQ44,man96,50,40.79,22.47,2017-09-14,2017-10-11
608,NM04,man45,8,61.44,12.73,2017-08-01,2017-10-18
609,RB48,man14,63,61.75,23.83,2017-08-19,2017-10-11
610,BT30,man48,52,48.13,11.29,2017-08-06,2017-09-28
611,LT58,man01,75,59.05,17.1,2017-08-08,2017-10-04
612,WA77,man78,84,85.01,20.94,2017-09-20,2017-09-29
613,VA18,man08,80,61.27,17.37,2017-07-30,2017-10-09
614,AO23,man12,86,21.44,28.48,2017-07-30,2017-10-07
615,KO86,man55,82,29.94,11.88,2017-07-24,2017-10-04
616,AF56,man12,30,81.21,20.49,2017-08-18,2017-10-02
617,CJ15,man15,24,26.58,12.8,2017-09-09,2017-10-09
618,HX65,man26,99,57.94,21.47,2017-08-17,2017-09-23
619,NH45,man98,1,45.36,16.84,2017-07-23,2017-09-24
620,JR11,man88,79,24.23,29.3,2017-07-31,2017-09-22
621,ZH22,man67,9,83.58,20.0,2017-08-09,2017-10-09
622,BJ61,man78,37,30.02,26.49,2017-08-21,2017-09-20
623,VE06,man88,21,40.09,19.63,2017-09-18,2017-09-22
624,SL39,man57,57,54.85,12.96,2017-08-22,2017-10-20
625,ZI41,man69,49,75.81,13.66,2017-08-27,2017-09-20
626,YF46,man84,16,78.27,18.64,2017-08-31,2017-10-06
627,ZY09,man12,34,66.44,23.81,2017-08-06,2017-10-06
628,VG75,man66,75,80.47,28.99,2017-09-10,2017-10-03
629,VI66,man75,1,99.12,20.24,2017-09-20,2017-10-08
630,YS28,man83,18,32.01,29.98,2017-08-20,2017-09-26
631,FX23,man99,99,26.17,27.13,2017-09-07,2017-10-20
632,KI41,man45,70,44.22,29.86,2017-08-04,2017-10-02
633,YY92,man87,6,52.7,13.48,2017-09-05,2017-09-23
634,HF31,man13,42,28.91,14.56,2017-08-11,2017-10-05
635,BQ24,man49,31,27.23,17.17,2017-09-19,2017-10-01
636,UW00,man88,83,31.65,18.62,2017-08-10,2017-10-20
637,FU18,man38,73,47.41,24.31,2017-09-04,2017-10-20
638,QI42,man13,68,93.62,14.89,2017-08-01,2017-10-18
639,DE32,man36,10,45.48,27.62,2017-07-23,2017-10-06
640,EQ54,man62,43,50.41,19.22,2017-07-30,2017-09-27
641,XJ82,man58,13,26.12,27.03,2017-08-03,2017-09-30
642,FX57,man71,32,35.64,25.09,2017-09-02,2017-09-24
643,IQ89,man72,37,66.79,27.22,2017-08-13,2017-10-10
644,OD93,man16,32,60.09,25.16,2017-08-12,2017-10-18
645,QJ20,man29,16,62.19,27.27,2017-09-01,2017-09-29
646,UY22,man30,8,89.46,19.25,2017-08-24,2017-10-14
647,JF61,man05,58,79.02,12.97,2017-09-14,2017-10-17
648,ZL30,man76,40,27.53,22.23,2017-08-08,2017-10-09
649,KX91,man70,27,87.19,29.25,2017-07-22,2017-09-23
650,CE44,man63,29,94.55,11.88,2017-09-01,2017-09-21
651,YV85,man85,90,62.77,14.01,2017-08-10,2017-09-20
652,XY57,man59,93,52.11,12.0,2017-08-11,2017-10-09
653,PB21,man33,67,68.39,26.99,2017-08-17,2017-09-30
654,LY22,man35,52,57.0,19.07,2017-08-10,2017-10-03
655,RZ66,man67,46,60.56,17.07,2017-08-06,2017-10-19
656,XR05,man44,2,57.9,12.4,2017-09-12,2017-09-26
657,YJ07,man56,81,37.35,10.45,2017-09-18,2017-10-09
658,FJ21,man11,43,61.6,13.65,2017-08-09,2017-09-26
659,EZ90,man72,42,47.98,21.32,2017-08-02,2017-09-20
660,EA08,man20,22,91.8,19.31,2017-08-02,2017-10-20
661,WE32,man94,25,56.28,19.72,2017-07-29,2017-10-15
662,VP72,man60,52,33.66,14.26,2017-08-22,2017-10-17
663,BE56,man67,12,63.04,25.12,2017-08-08,2017-10-11
664,FB06,man96,41,53.26,20.44,2017-09-06,2017-09-29
665,TX88,man64,43,65.59,29.05,2017-08-05,2017-10-03
666,NQ50,man63,11,42.45,28.81,2017-09-09,2017-10-16
667,JF68,man39,83,80.82,12.57,2017-08-23,2017-10-02
668,MU14,man06,70,76.12,23.45,2017-08-24,2017-09-25
669,OS14,man65,28,92.48,14.17,2017-09-01,2017-10-05
670,JI94,man39,88,71.13,18.03,2017-08-21,2017-10-07
671,RP82,man55,96,39.49,29.98,2017-09-12,2017-09-26
672,CR30,man95,8,84.66,16.64,2017-08-30,2017-10-12
673,IW85,man73,79,87.03,14.77,2017-09-01,2017-10-19
674,DM76,man99,30,88.74,16.01,2017-08-24,2017-09-22
675,TV32,man48,16,88.72,13.72,2017-08-11,2017-10-01
676,DF72,man34,26,64.17,12.19,2017-08-22,2017-09-30
677,KG70,man65,7,40.86,27.47,2017-08-08,2017-10-14
678,BA85,man50,70,82.99,26.53,2017-09-04,2017-10-05
679,XC10,man89,97,73.51,20.18,2017-08-26,2017-09-25
680,KB45,man79,93,82.83,23.97,2017-08-24,2017-09-22
681,PA41,man62,33,64.12,29.59,2017-09-11,2017-09-25
682,FF50,man32,10,93.55,17.64,2017-09-14,2017-10-10
683,VA18,man22,40,98.67,17.98,2017-08-11,2017-10-10
684,DH15,man90,75,53.5,21.96,2017-07-23,2017-10-10
685,VY68,man00,50,92.5,10.61,2017-07-28,2017-09-26
686,QE36,man33,74,48.55,29.05,2017-09-18,2017-09-22
687,ZB29,man12,22,26.62,26.91,2017-09-04,2017-10-15
688,QN90,man22,15,77.95,20.81,2017-09-15,2017-09-23
689,VX95,man27,43,92.72,14.51,2017-07-29,2017-09-26
690,UE10,man95,60,27.36,28.85,2017-08-16,2017-09-29
691,UZ21,man89,33,28.43,20.02,2017-07-26,2017-09-27
692,CA47,man25,12,43.02,26.88,2017-08-05,2017-10-01
693,GG71,man09,30,26.6,25.01,2017-07-23,2017-10-19
694,YZ81,man26,58,63.91,26.83,2017-07-23,2017-10-15
695,JQ64,man59,24,69.8,23.58,2017-08-04,2017-09-27
696,QT81,man76,87,89.38,12.8,2017-08-23,2017-10-16
697,BE70,man01,32,98.02,27.22,2017-09-09,2017-10-17
698,GJ64,man88,68,83.41,28.12,2017-08-19,2017-10-18
699,GC77,man84,17,54.68,21.81,2017-08-04,2017-09-22
700,VM41,man63,54,24.68,29.69,2017-08-25,2017-10-01
701,MT30,man31,14,87.2,26.62,2017-08-18,2017-09-27
702,MC06,man70,29,58.28,17.6,2017-09-02,2017-09-26
703,GI68,man32,12,87.23,13.68,2017-08-08,2017-10-13
704,RS41,man41,11,71.45,19.17,2017-08-27,2017-10-18
705,GY48,man28,88,20.47,26.9,2017-07-25,2017-10-17
706,CM23,man29,66,25.88,16.14,2017-08-22,2017-09-24
707,NP84,man27,45,83.21,17.26,2017-08-16,2017-10-16
708,PV62,man25,87,93.78,23.95,2017-09-20,2017-10-07
709,XS55,man21,7,49.44,16.98,2017-08-31,2017-10-16
710,II37,man02,23,45.58,24.81,2017-09-03,2017-10-03
711,KO06,man37,30,21.08,12.04,2017-07-27,2017-10-03
712,EE47,man07,30,73.38,27.88,2017-08-21,2017-09-24
713,PP93,man30,17,95.18,16.77,2017-08-24,2017-10-13
714,XA84,man68,41,30.57,20.41,2017-08-22,2017-09-28
715,YT38,man61,23,60.03,24.04,2017-07-28,2017-09-21
716,EO08,man63,56,57.04,12.19,2017-08-07,2017-10-17
717,IT54,man09,83,99.64,23.68,2017-08-29,2017-10-09
718,CG67,man10,25,64.73,23.9,2017-09-18,2017-10-02
719,HC42,man41,34,46.42,19.38,2017-08-17,2017-10-13
720,TE32,man61,33,58.59,14.91,2017-07-22,2017-09-28
721,AU58,man07,49,77.02,26.42,2017-07-25,2017-10-11
722,RK91,man37,55,89.12,17.56,2017-08-05,2017-09-24
723,EI27,man78,89,82.11,29.81,2017-08-08,2017-10-05
724,QJ10,man38,47,23.51,19.21,2017-08-29,2017-10-10
725,ZU55,man63,8,74.38,12.31,2017-09-06,2017-09-25
726,YF21,man46,48,43.5,27.14,2017-07-26,2017-09-26
727,TQ35,man02,80,25.46,17.75,2017-08-28,2017-10-07
728,FV00,man53,1,71.99,28.08,2017-09-03,2017-10-14
729,CU33,man30,84,22.51,15.91,2017-08-25,2017-10-08
730,QY64,man20,75,84.5,25.27,2017-08-14,2017-10-04
731,PA60,man06,19,94.58,24.14,2017-08-01,2017-10-09
732,RU82,man22,14,68.73,17.65,2017-09-02,2017-10-10
733,FA17,man55,10,63.77,14.05,2017-07-24,2017-10-13
734,ZQ59,man50,18,27.09,14.31,2017-08-27,2017-10-03
735,ZB40,man57,81,96.09,25.95,2017-09-20,2017-10-11
736,YG04,man18,50,32.82,18.39,2017-08-26,2017-10-10
737,LY95,man87,24,79.8,26.86,2017-08-03,2017-10-15
738,JL53,man79,40,65.37,26.63,2017-08-26,2017-09-26
739,WK18,man35,95,65.87,29.81,2017-09-03,2017-10-06
740,CN24,man04,49,45.8,27.27,2017-08-12,2017-10-15
741,IQ25,man62,3,54.06,20.5,2017-08-15,2017-10-14
742,MJ83,man22,77,89.49,24.28,2017-08-23,2017-10-20
743,CY55,man51,32,23.25,21.73,2017-08-27,2017-10-04
744,XW35,man28,8,75.78,11.41,2017-08-26,2017-10-19
745,SP81,man39,47,62.31,18.35,2017-09-01,2017-10-18
746,SY90,man47,38,70.41,17.08,2017-09-17,2017-09-30
747,SW10,man27,36,24.7,23.32,2017-08-28,2017-09-30
748,QD50,man46,45,36.68,22.84,2017-08-19,2017-10-05
749,FB44,man10,6,29.11,13.8,2017-09-09,2017-09-24
750,EG58,man09,68,50.12,16.67,2017-09-11,2017-10-20
751,VN91,man35,61,99.52,26.16,2017-09-01,2017-10-03
752,FF23,man40,25,72.65,14.2,2017-07-28,2017-10-14
753,RM25,man73,77,42.54,10.9,2017-08-18,2017-09-22
754,WN30,man72,78,29.98,20.16,2017-08-14,2017-10-07
755,NE50,man99,17,96.77,11.19,2017-09-14,2017-10-05
756,UP45,man76,54,76.84,23.2,2017-07-25,2017-10-06
757,KO10,man11,49,30.09,12.1,2017-08-01,2017-10-04
758,DK84,man08,14,58.66,19.35,2017-07-30,2017-09-26
759,JC46,man76,79,29.24,19.0,2017-09-19,2017-10-20
760,JV36,man75,16,87.65,19.37,2017-09-12,2017-10-12
761,YH25,man05,67,78.36,25.76,2017-09-17,2017-10-19
762,RF18,man04,96,33.23,27.32,2017-08-06,2017-10-08
763,RU83,man75,98,20.37,15.92,2017-08-10,2017-10-09
764,AZ82,man17,36,24.56,27.29,2017-08-03,2017-09-23
765,IX03,man91,58,84.14,13.18,2017-07-25,2017-10-14
766,GL58,man97,1,94.19,20.8,2017-08-02,2017-10-19
767,ON44,man41,4,74.0,22.09,2017-08-21,2017-10-06
768,CR13,man55,39,46.26,17.58,2017-09-15,2017-10-09
769,BS54,man86,55,65.56,23.93,2017-08-24,2017-10-02
770,PY74,man20,77,30.35,28.92,2017-08-20,2017-10-03
771,KC98,man75,81,89.71,18.41,2017-08-19,2017-10-02
772,PR37,man47,6,58.85,18.66,2017-09-14,2017-10-18
773,WU51,man24,83,57.53,13.98,2017-08-30,2017-10-07
774,FO06,man99,64,31.16,24.58,2017-07-25,2017-09-27
775,PR79,man11,71,97.02,20.83,2017-08-02,2017-10-09
776,NU34,man14,30,98.5,27.42,2017-08-08,2017-10-02
777,IZ49,man00,43,86.86,16.07,2017-09-10,2017-09-27
778,PC18,man10,6,53.32,11.48,2017-07-29,2017-10-07
779,PM04,man22,90,83.02,26.3,2017-09-12,2017-09-24
780,SU41,man94,78,21.35,27.64,2017-09-20,2017-10-07
781,GP57,man03,12,58.85,29.61,2017-07-23,2017-09-22
782,UJ30,man39,99,66.77,17.04,2017-08-02,2017-09-24
783,NX08,man94,13,92.05,14.57,2017-08-27,2017-10-12
784,DL38,man83,72,92.19,16.4,2017-08-01,2017-09-20
785,XP23,man47,83,50.76,12.05,2017-08-30,2017-09-30
786,ZR22,man70,16,86.28,13.52,2017-08-02,2017-10-02
787,ZS55,man90,56,36.95,21.04,2017-08-30,2017-09-20
788,IB69,man40,79,33.86,21.67,2017-08-16,2017-10-10
789,AI55,man24,60,90.96,25.72,2017-09-09,2017-10-18
790,WN59,man56,29,92.18,19.57,2017-08-21,2017-10-11
791,RD62,man08,24,47.43,18.63,2017-08-31,2017-10-11
792,SD96,man77,19,61.17,23.55,2017-08-17,2017-09-28
793,QA55,man58,31,98.72,13.92,2017-08-26,2017-10-02
794,UK68,man82,69,52.11,21.48,2017-09-13,2017-10-09
795,DN46,man67,21,27.08,13.35,2017-07-23,2017-09-22
796,ID32,man26,65,40.18,25.29,2017-09-05,2017-09-22
797,NJ62,man47,30,46.73,15.58,2017-09-07,2017-10-03
798,WS37,man60,92,90.47,27.03,2017-08-16,2017-09-22
799,ED23,man33,49,40.55,10.47,2017-08-22,2017-09-30
800,AD77,man26,92,39.22,17.95,2017-08-02,2017-10-15
801,US47,man59,3,43.71,10.91,2017-09-15,2017-09-27
802,VX56,man70,42,31.2,19.63,2017-08-01,2017-10-07
803,UX18,man96,24,86.48,18.28,2017-09-07,2017-09-22
804,PZ05,man17,28,92.87,12.44,2017-07-31,2017-10-04
805,YG14,man66,100,36.82,22.75,2017-08-16,2017-09-22
806,QZ97,man59,53,26.65,16.61,2017-07-31,2017-09-22
807,RU31,man54,24,26.88,19.67,2017-09-07,2017-09-25
808,MN90,man61,15,95.28,18.66,2017-08-31,2017-10-02
809,EK58,man15,14,70.54,29.71,2017-08-27,2017-09-24
810,SV41,man52,80,76.8,13.02,2017-08-25,2017-09-23
811,JF46,man85,75,80.33,13.57,2017-09-03,2017-09-30
812,DE73,man12,88,28.57,25.22,2017-08-22,2017-10-12
813,OI64,man97,16,98.07,17.19,2017-08-13,2017-10-05
814,IR40,man52,88,57.59,21.4,2017-07-29,2017-10-02
815,IR01,man07,5,58.63,10.09,2017-09-18,2017-09-22
816,KG18,man43,34,40.35,18.13,2017-07-30,2017-10-01
817,ZY48,man66,76,78.79,28.8,2017-08-17,2017-09-26
818,MG30,man04,21,91.7,11.92,2017-08-26,2017-10-20
819,KH48,man98,58,44.88,26.77,2017-09-06,2017-09-26
820,ML46,man02,17,50.44,22.39,2017-08-24,2017-09-27
821,GZ58,man41,8,98.18,21.46,2017-07-29,2017-10-17
822,OT05,man40,48,30.58,26.93,2017-09-12,2017-09-25
823,FG50,man03,80,53.83,27.8,2017-09-19,2017-09-30
824,GK06,man97,93,79.28,13.12,2017-09-04,2017-10-19
825,NF74,man59,94,44.99,17.48,2017-08-06,2017-09-27
826,RP44,man58,29,33.94,11.24,2017-09-07,2017-10-04
827,ZI43,man07,23,48.29,15.32,2017-08-29,2017-10-01
828,LS75,man90,1,41.23,11.74,2017-08-14,2017-09-23
829,MR65,man13,36,20.61,24.44,2017-08-06,2017-10-08
830,ZN29,man14,88,98.48,29.61,2017-09-20,2017-09-27
831,TY83,man30,56,70.56,22.42,2017-09-10,2017-10-10
832,LR96,man08,33,95.54,23.5,2017-09-17,2017-10-14
833,EE87,man74,20,89.3,25.97,2017-09-03,2017-10-15
834,SZ35,man26,51,52.91,14.08,2017-09-03,2017-10-04
835,IX95,man46,2,40.83,24.41,2017-08-13,2017-09-30
836,JF90,man44,96,51.35,10.81,2017-08-30,2017-10-08
837,ZO49,man15,42,61.46,12.86,2017-09-19,2017-10-08
838,LZ22,man80,98,43.5,23.1,2017-08-25,2017-09-28
839,LP45,man80,17,34.28,14.65,2017-08-23,2017-09-20
840,DM02,man83,75,84.66,12.56,2017-07-22,2017-10-11
841,ZW33,man96,67,59.69,12.59,2017-08-24,2017-10-05
842,MO42,man11,22,32.96,13.98,2017-08-05,2017-09-30
843,TO63,man95,49,36.22,22.65,2017-08-07,2017-10-06
844,VG18,man45,97,25.76,16.56,2017-07-22,2017-09-29
845,TJ92,man42,21,50.41,12.89,2017-09-17,2017-09-26
846,FQ05,man22,76,95.88,11.16,2017-09-04,2017-10-06
847,DL70,man47,54,74.08,28.56,2017-09-17,2017-09-21
848,QK19,man38,98,96.47,24.21,2017-08-09,2017-10-12
849,TH50,man69,46,47.07,14.76,2017-09-05,2017-10-03
850,BR40,man96,91,22.29,29.59,2017-08-22,2017-10-05
851,YS20,man58,14,75.75,29.02,2017-08-23,2017-10-20
852,VT75,man89,9,97.34,14.66,2017-07-27,2017-10-18
853,RU51,man30,50,80.07,22.6,2017-09-04,2017-10-19
854,JE25,man87,71,85.89,22.36,2017-07-30,2017-09-27
855,FE00,man10,31,62.05,13.94,2017-08-11,2017-10-18
856,MT80,man84,72,56.99,11.45,2017-08-31,2017-09-30
857,GV97,man71,91,46.88,13.65,2017-08-29,2017-10-02
858,VM08,man03,100,36.82,19.71,2017-08-24,2017-10-04
859,TI62,man74,95,95.28,20.18,2017-09-06,2017-10-19
860,PD07,man64,42,86.36,15.33,2017-09-19,2017-10-14
861,JJ48,man71,47,81.57,14.13,2017-09-11,2017-09-21
862,EY65,man33,23,49.17,11.51,2017-07-28,2017-09-22
863,LK05,man54,43,63.36,22.17,2017-07-30,2017-09-26
864,YN37,man00,8,44.55,18.65,2017-07-31,2017-10-11
865,TN93,man73,18,57.71,20.03,2017-08-17,2017-09-26
866,QS74,man02,78,73.3,29.72,2017-08-03,2017-09-21
867,XW92,man20,17,60.77,17.75,2017-08-15,2017-10-19
868,BU18,man61,56,21.86,23.98,2017-08-31,2017-09-29
869,ZM59,man41,60,93.42,29.7,2017-07-27,2017-10-07
870,GI96,man42,81,47.27,29.77,2017-07-29,2017-09-29
871,IE68,man38,41,64.34,26.37,2017-08-18,2017-10-14
872,IY88,man77,59,47.63,17.35,2017-07-24,2017-10-10
873,BV55,man88,14,70.97,10.47,2017-08-02,2017-10-03
874,LV35,man87,61,71.53,28.41,2017-08-26,2017-09-25
875,ZD67,man99,32,47.26,19.89,2017-08-30,2017-10-15
876,GR38,man15,90,92.46,24.65,2017-08-06,2017-10-01
877,OT12,man00,86,58.64,15.13,2017-08-13,2017-10-19
878,LA04,man81,84,94.03,17.27,2017-08-31,2017-09-28
879,YA18,man78,85,77.05,29.84,2017-08-30,2017-09-23
880,GT37,man45,67,23.63,19.93,2017-08-11,2017-09-28
881,SC79,man38,71,94.84,12.97,2017-09-03,2017-10-18
882,OE04,man02,96,37.11,11.27,2017-08-23,2017-10-11
883,WB03,man28,35,60.02,13.3,2017-08-31,2017-10-20
884,YY17,man42,66,47.64,11.07,2017-08-02,2017-09-25
885,CZ31,man22,63,34.0,26.31,2017-08-11,2017-09-26
886,SP64,man74,29,30.51,13.99,2017-09-06,2017-10-18
887,JC88,man81,16,87.72,27.53,2017-08-26,2017-10-17
888,FP80,man39,30,82.12,24.73,2017-08-28,2017-09-24
889,UF53,man37,64,41.3,25.88,2017-08-17,2017-09-29
890,HX69,man78,45,69.27,13.53,2017-09-01,2017-09-25
891,WG81,man66,73,55.99,10.08,2017-08-13,2017-09-24
892,DV09,man79,5,72.99,26.3,2017-07-23,2017-09-27
893,UM98,man68,84,38.77,12.24,2017-08-31,2017-10-01
894,FE02,man68,44,70.91,12.04,2017-07-27,2017-10-15
895,LF18,man55,20,58.71,11.96,2017-08-13,2017-10-08
896,UD47,man11,87,32.91,21.19,2017-09-17,2017-09-21
897,KY79,man49,12,62.84,20.21,2017-09-17,2017-10-11
898,EM36,man47,8,86.65,20.19,2017-09-10,2017-09-27
899,DL18,man24,46,94.95,11.51,2017-09-05,2017-10-11
900,SF88,man36,65,58.77,24.09,2017-08-05,2017-10-14
901,XK93,man59,52,47.47,27.71,2017-08-14,2017-09-26
902,UU07,man76,26,50.62,12.16,2017-07-30,2017-10-14
903,WR49,man79,62,53.72,20.75,2017-09-16,2017-09-26
904,VO79,man71,62,65.67,20.92,2017-09-15,2017-10-07
905,HX48,man92,53,89.83,22.85,2017-08-25,2017-10-13
906,NF73,man03,89,73.03,28.92,2017-08-14,2017-10-15
907,FS24,man63,41,80.63,26.08,2017-08-31,2017-10-07
908,CF42,man79,71,55.73,16.42,2017-08-31,2017-10-01
909,RG01,man25,40,24.38,28.41,2017-08-20,2017-10-14
910,SD12,man32,2,80.05,23.98,2017-09-10,2017-10-18
911,KD34,man87,11,22.64,26.49,2017-09-09,2017-10-18
912,XC77,man24,17,37.77,13.46,2017-09-13,2017-09-29
913,LO73,man90,18,28.35,12.42,2017-08-24,2017-10-12
914,OM58,man42,93,75.83,28.23,2017-08-26,2017-10-19
915,DI48,man87,52,86.55,21.93,2017-08-12,2017-10-05
916,QP20,man87,44,58.52,18.39,2017-08-18,2017-09-21
917,OA73,man90,80,45.56,14.31,2017-07-23,2017-09-25
918,GA68,man95,33,28.32,18.32,2017-08-03,2017-09-23
919,WV80,man57,31,78.11,14.85,2017-08-03,2017-10-13
920,RF81,man22,28,73.59,14.3,2017-09-12,2017-10-10
921,NW01,man55,35,68.59,29.28,2017-07-30,2017-10-13
922,IU80,man83,63,25.8,13.33,2017-08-19,2017-10-14
923,XJ94,man47,23,82.95,22.73,2017-08-30,2017-09-26
924,BP80,man17,10,77.06,16.35,2017-08-12,2017-10-16
925,BU69,man82,20,77.58,12.65,2017-07-25,2017-10-07
926,DO95,man49,77,38.1,19.23,2017-09-10,2017-09-25
927,PK49,man01,95,100.0,21.07,2017-09-18,2017-09-27
928,ET28,man26,27,48.88,19.43,2017-09-03,2017-09-30
929,XA53,man21,2,37.07,27.66,2017-07-28,2017-10-17
930,PF76,man42,61,32.49,27.74,2017-07-24,2017-10-16
931,GH84,man82,7,81.15,17.34,2017-09-12,2017-10-08
932,PT09,man58,72,72.14,14.67,2017-09-10,2017-10-18
933,NQ69,man99,9,32.84,11.72,2017-08-07,2017-10-10
934,TP79,man07,18,37.65,23.23,2017-09-11,2017-10-15
935,MI22,man29,22,36.15,28.74,2017-08-19,2017-09-21
936,GC91,man65,65,83.42,15.38,2017-07-25,2017-10-09
937,OF30,man14,30,69.74,29.82,2017-09-09,2017-10-13
938,MM43,man82,13,33.66,17.92,2017-08-30,2017-09-29
939,PB66,man88,71,51.11,25.76,2017-08-07,2017-10-06
940,CC05,man44,97,80.28,25.59,2017-08-05,2017-10-06
941,IT74,man93,14,76.63,25.97,2017-08-21,2017-10-02
942,HX75,man20,35,60.95,15.85,2017-09-17,2017-10-17
943,WF63,man54,89,24.86,15.15,2017-08-20,2017-09-28
944,MV25,man22,65,50.21,28.91,2017-08-22,2017-10-09
945,HG98,man09,91,80.19,14.16,2017-09-04,2017-10-08
946,QW09,man26,32,43.38,15.64,2017-08-30,2017-10-06
947,BY36,man46,95,48.67,20.97,2017-09-13,2017-10-16
948,TX34,man71,24,91.22,15.99,2017-09-17,2017-10-04
949,BZ84,man96,7,49.06,18.53,2017-08-21,2017-10-20
950,VE18,man89,8,72.81,26.88,2017-08-30,2017-10-15
951,PU63,man08,100,55.97,21.18,2017-08-30,2017-10-15
952,LU92,man06,5,50.23,16.53,2017-08-03,2017-09-22
953,FS55,man60,94,64.07,15.54,2017-09-20,2017-10-18
954,TX31,man90,89,37.32,14.39,2017-09-17,2017-10-20
955,XV98,man77,43,32.13,14.65,2017-08-11,2017-09-22
956,BL26,man48,100,91.1,28.1,2017-08-10,2017-10-20
957,JO99,man48,8,64.09,13.69,2017-07-25,2017-10-03
958,YT48,man18,67,58.79,27.39,2017-08-26,2017-09-23
959,HX48,man35,85,49.77,28.59,2017-08-04,2017-09-21
960,NL04,man25,22,34.28,18.49,2017-09-01,2017-10-14
961,GH11,man54,16,80.61,17.74,2017-08-20,2017-10-18
962,OC51,man32,96,59.79,27.25,2017-08-09,2017-10-09
963,WE54,man47,57,69.41,14.45,2017-08-28,2017-10-08
964,GN05,man67,19,37.33,21.16,2017-09-15,2017-10-08
965,WG52,man04,86,50.32,12.83,2017-08-17,2017-10-09
966,EL86,man09,93,61.91,21.47,2017-08-29,2017-10-06
967,WM38,man88,73,85.98,27.54,2017-09-02,2017-10-12
968,ZM01,man87,71,83.64,19.54,2017-09-06,2017-10-08
969,LJ40,man73,17,47.84,10.17,2017-08-28,2017-10-19
970,GH41,man83,34,98.31,28.19,2017-08-06,2017-10-17
971,ES49,man60,96,94.93,27.35,2017-07-29,2017-10-06
972,NU37,man67,6,31.87,24.35,2017-07-22,2017-09-20
973,QH71,man82,94,46.55,28.92,2017-09-19,2017-10-15
974,MV92,man41,64,58.6,17.28,2017-09-07,2017-10-08
975,AW70,man65,10,80.37,20.86,2017-09-19,2017-10-12
976,VU37,man38,61,47.89,10.98,2017-09-13,2017-09-20
977,NM48,man55,73,98.06,19.59,2017-08-09,2017-10-16
978,QU65,man34,77,85.85,25.33,2017-08-06,2017-10-19
979,BI67,man69,89,65.07,16.18,2017-09-14,2017-09-27
980,GY14,man89,78,43.56,18.24,2017-08-16,2017-10-02
981,XC44,man42,56,62.01,11.57,2017-07-22,2017-10-06
982,SX28,man04,17,58.65,14.94,2017-09-04,2017-10-02
983,RT07,man36,75,20.01,22.22,2017-08-01,2017-10-11
984,FW89,man21,50,64.4,20.89,2017-08-14,2017-09-28
985,JA74,man98,48,95.98,12.17,2017-08-17,2017-10-01
986,GI46,man53,23,70.32,14.62,2017-07-27,2017-09-23
987,QV04,man56,46,61.23,27.16,2017-07-31,2017-10-06
988,KC27,man72,62,58.55,18.29,2017-09-19,2017-10-10
989,IT96,man78,32,82.75,15.01,2017-08-31,2017-09-21
990,KU20,man43,62,21.55,14.83,2017-08-25,2017-10-05
991,IJ50,man61,13,29.32,21.51,2017-09-02,2017-10-05
992,PF60,man09,53,55.29,10.56,2017-07-22,2017-10-05
993,AH99,man11,95,29.6,22.84,2017-09-16,2017-09-27
994,UG63,man88,72,71.87,27.34,2017-09-02,2017-10-16
995,AH38,man11,20,26.9,24.24,2017-08-27,2017-10-03
996,HQ06,man66,43,53.21,26.39,2017-08-10,2017-10-03
997,GN44,man63,15,41.26,10.23,2017-07-27,2017-09-30
998,VN03,man55,32,74.13,20.66,2017-07-24,2017-10-20
999,RV61,man28,71,21.79,23.85,2017-09-09,2017-10-11
1000,HR39,man32,51,88.5,21.43,2017-08-23,2017-10-05
