OrderID,CustomerID,ManagerID,Quantity,Price,Freight,OrderDate,ShippedDate,Total
1,WY42,man83,27.0,66.74,11.63,2017-08-08,2017-09-28,1813.61
2,HV15,man22,77.0,59.9,11.39,2017-08-06,2017-10-04,4623.69
3,YN06,man42,34.0,66.57,14.73,2017-08-03,2017-10-10,2278.11
4,NO36,man44,44.0,29.57,29.53,2017-09-16,2017-10-06,1330.61
5,QW64,man97,64.0,57.44,15.38,2017-07-27,2017-09-24,3691.54
6,JH05,man42,73.0,29.04,16.01,2017-09-04,2017-10-13,2135.93
7,MA85,man58,99.0,63.8,21.12,2017-08-25,2017-09-26,6337.32
8,BG58,man07,86.0,99.05,11.12,2017-08-26,2017-10-10,8529.42
9,HI73,man99,69.0,98.88,27.69,2017-08-16,2017-10-19,6850.41
10,QK59,man94,29.0,26.64,28.96,2017-07-23,2017-10-01,801.52
11,EH98,man95,91.0,32.1,18.87,2017-08-12,2017-10-09,2939.97
12,XG84,man57,71.0,98.0,23.39,2017-07-30,2017-10-14,6981.39
13,GU07,man62,4.0,78.64,25.67,2017-08-10,2017-09-20,340.23
14,QE51,man59,31.0,55.15,16.29,2017-08-05,2017-09-28,1725.94
15,ON98,man37,45.0,92.96,12.68,2017-09-01,2017-10-15,4195.88
16,IS41,man34,10.0,96.75,15.54,2017-09-13,2017-09-28,983.04
17,TB57,man39,94.0,36.73,12.07,2017-07-26,2017-10-08,3464.69
18,JN88,man66,93.0,64.72,26.35,2017-08-06,2017-09-30,6045.31
19,MZ58,man16,7.0,36.29,29.02,2017-09-17,2017-09-21,283.05
20,PT18,man37,84.0,51.19,21.89,2017-08-23,2017-10-10,4321.85
21,ND82,man35,85.0,48.5,26.86,2017-09-03,2017-10-13,4149.36
22,LH98,man39,52.0,45.49,18.53,2017-08-15,2017-10-09,2384.01
23,KN59,man38,65.0,62.41,28.66,2017-09-13,2017-10-19,4085.31
24,QP01,man10,15.0,75.59,26.62,2017-08-17,2017-10-02,1160.47
25,GQ43,man47,93.0,51.35,19.59,2017-08-13,2017-09-28,4795.14
26,SX76,man19,14.0,98.95,19.59,2017-08-19,2017-10-07,1404.89
27,BL51,man42,32.0,62.93,22.18,2017-08-13,2017-10-14,2035.94
28,PO39,man07,23.0,83.12,22.6,2017-08-16,2017-10-04,1934.36
29,BI80,man81,81.0,97.09,22.53,2017-08-16,2017-10-03,7886.82
30,JP95,man14,3.0,43.03,12.6,2017-09-07,2017-09-28,141.69
31,CE99,man35,9.0,83.32,24.12,2017-09-19,2017-10-13,774.0
32,WV70,man75,39.0,82.8,29.28,2017-07-29,2017-09-22,3258.48
33,RY44,man16,8.0,78.7,15.34,2017-08-01,2017-10-11,644.94
34,RM23,man68,22.0,77.12,25.3,2017-08-22,2017-09-23,1721.94
35,AR33,man57,71.0,38.1,12.31,2017-07-29,2017-10-04,2717.41
36,LF69,man65,60.0,68.63,18.25,2017-08-31,2017-10-12,4136.05
37,YF93,man04,66.0,78.51,20.26,2017-09-08,2017-10-05,5201.92
38,WX65,man76,80.0,28.52,14.89,2017-09-12,2017-10-03,2296.49
39,PU24,man61,47.0,74.14,23.91,2017-08-26,2017-10-06,3508.49
40,TD37,man84,60.0,47.39,25.47,2017-08-26,2017-10-16,2868.87
41,MT43,man44,53.0,35.86,18.68,2017-07-29,2017-10-06,1919.26
42,LJ80,man08,53.0,36.34,28.4,2017-08-07,2017-10-14,1954.42
43,YT14,man04,38.0,26.6,18.87,2017-08-20,2017-09-26,1029.67
44,IN72,man89,15.0,55.11,10.69,2017-08-28,2017-10-12,837.34
45,HL12,man27,18.0,35.12,14.11,2017-09-13,2017-10-02,646.27
46,YB44,man95,81.0,63.82,10.13,2017-07-25,2017-10-19,5179.55
47,YR64,man80,30.0,47.06,22.67,2017-09-12,2017-09-27,1434.47
48,LO94,man00,63.0,21.1,10.48,2017-09-04,2017-09-30,1339.78
49,RT17,man43,26.0,59.08,12.62,2017-09-14,2017-10-13,1548.7
50,VY22,man54,87.0,94.28,29.21,2017-08-24,2017-10-01,8231.57
51,TW47,man86,73.0,25.92,19.66,2017-09-02,2017-10-04,1911.82
52,IZ61,man62,6.0,40.56,26.67,2017-09-10,2017-10-11,270.03
53,VD31,man26,92.0,52.39,20.31,2017-08-18,2017-09-29,4840.19
54,RG89,man49,64.0,31.38,12.47,2017-08-21,2017-10-13,2020.79
55,TW84,man13,28.0,97.26,12.38,2017-07-31,2017-10-20,2735.66
56,PM63,man78,1.0,81.56,10.96,2017-08-24,2017-10-20,92.52
57,SK49,man64,84.0,28.94,20.31,2017-07-25,2017-10-07,2451.27
58,YW62,man31,45.0,74.95,12.56,2017-07-27,2017-10-01,3385.31
59,EA59,man59,13.0,33.77,15.19,2017-09-12,2017-10-19,454.2
60,KQ16,man82,8.0,37.35,12.36,2017-07-27,2017-10-03,311.16
61,FW47,man79,14.0,76.51,19.37,2017-08-30,2017-09-25,1090.51
62,GI87,man96,38.0,53.12,11.31,2017-08-01,2017-10-03,2029.87
63,OP30,man46,70.0,87.66,25.82,2017-09-05,2017-09-26,6162.02
64,LZ80,man85,48.0,88.48,10.5,2017-09-07,2017-10-16,4257.54
65,IJ85,man22,84.0,72.41,25.01,2017-08-10,2017-09-22,6107.45
66,HD85,man95,36.0,37.29,28.09,2017-08-26,2017-10-12,1370.53
67,GX23,man94,27.0,31.04,24.41,2017-07-28,2017-10-04,862.49
68,JJ54,man25,65.0,33.58,18.08,2017-09-18,2017-09-29,2200.78
69,AY29,man24,63.0,74.14,20.78,2017-08-11,2017-10-07,4691.6
70,OB29,man05,47.0,48.86,20.14,2017-08-29,2017-10-18,2316.56
71,SS88,man74,8.0,76.01,13.13,2017-08-25,2017-09-24,621.21
72,YP93,man88,1.0,93.23,12.88,2017-09-02,2017-10-11,106.11
73,IW42,man01,42.0,56.58,14.77,2017-09-07,2017-09-28,2391.13
74,RD38,man93,72.0,43.21,23.2,2017-09-15,2017-09-27,3134.32
75,VK26,man75,28.0,64.19,29.99,2017-09-08,2017-09-26,1827.31
76,KI62,man57,22.0,32.58,24.52,2017-07-26,2017-10-19,741.28
77,CK84,man28,45.0,82.48,17.37,2017-08-13,2017-10-19,3728.97
78,ML31,man06,30.0,25.72,13.65,2017-09-04,2017-10-09,785.25
79,QL87,man85,96.0,23.35,17.03,2017-07-25,2017-10-15,2258.63
80,RN41,man24,44.0,66.04,13.55,2017-09-06,2017-10-06,2919.31
81,FK22,man18,5.0,64.55,15.4,2017-09-08,2017-10-17,338.15
82,AQ51,man01,88.0,80.69,27.61,2017-09-18,2017-10-10,7128.33
83,KA30,man74,52.0,31.77,18.24,2017-08-04,2017-10-15,1670.28
84,TX06,man37,47.0,55.92,14.42,2017-09-19,2017-10-11,2642.66
85,WK05,man01,1.0,39.71,26.0,2017-08-14,2017-10-18,65.71
86,XH67,man26,3.0,52.97,20.5,2017-07-29,2017-09-26,179.41
87,SD39,man30,39.0,40.85,19.39,2017-08-02,2017-10-03,1612.54
88,HG01,man75,28.0,99.84,18.96,2017-08-01,2017-09-26,2814.48
89,IF51,man74,91.0,73.56,15.51,2017-08-03,2017-09-28,6709.47
90,LM80,man09,48.0,55.91,15.84,2017-09-19,2017-09-24,2699.52
91,QF71,man84,45.0,77.88,26.74,2017-08-02,2017-10-18,3531.34
92,DF31,man14,91.0,66.64,25.32,2017-07-22,2017-10-13,6089.56
93,EG34,man36,37.0,79.04,13.52,2017-09-16,2017-09-28,2938.0
94,JN60,man86,67.0,96.36,28.01,2017-07-30,2017-09-20,6484.13
95,CI92,man93,70.0,63.93,27.84,2017-07-27,2017-09-20,4502.94
96,EB03,man23,94.0,37.66,14.68,2017-08-10,2017-10-18,3554.72
97,EE47,man20,41.0,48.0,18.0,2017-08-05,2017-10-16,1986.0
98,DO01,man11,39.0,70.26,27.03,2017-07-29,2017-09-26,2767.17
99,LG81,man12,26.0,86.52,27.01,2017-08-31,2017-10-11,2276.53
100,NY18,man37,61.0,86.58,11.55,2017-08-08,2017-09-23,5292.93
101,WE41,man56,62.0,57.6,15.11,2017-09-02,2017-10-16,3586.31
102,VL49,man19,17.0,90.32,15.62,2017-09-02,2017-10-01,1551.06
103,AL26,man73,55.0,26.56,23.65,2017-08-25,2017-10-05,1484.45
104,SL87,man43,44.0,84.41,28.84,2017-08-21,2017-10-17,3742.88
105,UM92,man62,60.0,49.07,28.83,2017-08-16,2017-09-29,2973.03
106,HG31,man29,30.0,84.89,21.73,2017-08-12,2017-09-21,2568.43
107,XI65,man78,54.0,34.9,23.08,2017-09-04,2017-09-25,1907.68
108,AV14,man61,20.0,22.83,18.75,2017-08-14,2017-09-21,475.35
109,OR92,man81,43.0,23.74,14.63,2017-08-20,2017-10-20,1035.45
110,EC17,man20,94.0,62.99,20.76,2017-09-04,2017-10-18,5941.82
111,DV73,man68,21.0,31.38,16.61,2017-09-17,2017-10-09,675.59
112,GK96,man07,28.0,95.07,27.98,2017-09-05,2017-10-04,2689.94
113,YM36,man22,22.0,45.79,11.21,2017-09-12,2017-09-21,1018.59
114,FV60,man17,55.0,69.66,14.58,2017-07-30,2017-10-18,3845.88
115,LR04,man84,81.0,94.82,19.35,2017-08-20,2017-09-21,7699.77
116,VA96,man62,39.0,89.23,28.94,2017-08-16,2017-09-20,3508.91
117,XU78,man18,32.0,77.36,15.64,2017-07-27,2017-10-14,2491.16
118,BE15,man83,80.0,76.54,18.15,2017-07-24,2017-10-15,6141.35
119,YB77,man44,90.0,90.56,24.41,2017-08-19,2017-10-19,8174.81
120,KZ36,man75,32.0,30.01,26.95,2017-09-11,2017-10-10,987.27
121,IE45,man74,11.0,21.67,27.31,2017-09-07,2017-10-03,265.68
122,YW98,man07,7.0,31.34,21.32,2017-08-29,2017-10-16,240.7
123,VX97,man73,37.0,40.72,23.35,2017-08-16,2017-10-14,1529.99
124,OT04,man37,8.0,29.46,26.17,2017-09-18,2017-10-10,261.85
125,CP79,man20,56.0,29.53,12.08,2017-08-18,2017-10-03,1665.76
126,OZ11,man08,88.0,73.59,10.06,2017-09-01,2017-09-21,6485.98
127,MX80,man76,63.0,96.52,11.97,2017-08-11,2017-10-12,6092.73
128,YW96,man16,51.0,94.65,15.37,2017-08-26,2017-10-03,4842.52
129,SP96,man69,24.0,28.87,22.09,2017-09-12,2017-09-22,714.97
130,FN92,man43,38.0,78.64,17.65,2017-08-18,2017-10-07,3005.97
131,HJ64,man21,97.0,63.11,11.85,2017-08-26,2017-10-19,6133.52
132,NX59,man12,29.0,59.26,21.79,2017-08-11,2017-10-09,1740.33
133,WM37,man77,70.0,34.02,22.85,2017-09-01,2017-10-08,2404.25
134,GG36,man28,21.0,65.73,28.48,2017-07-24,2017-10-15,1408.81
135,WQ05,man96,32.0,54.2,27.78,2017-08-15,2017-09-20,1762.18
136,LR11,man56,63.0,35.51,21.42,2017-08-04,2017-10-14,2258.55
137,XG30,man21,69.0,75.0,20.21,2017-09-18,2017-10-01,5195.21
138,EY25,man44,5.0,35.16,14.56,2017-08-11,2017-09-25,190.36
139,TZ94,man72,21.0,47.47,26.28,2017-09-07,2017-09-26,1023.15
140,PA96,man08,3.0,27.68,14.29,2017-09-08,2017-10-01,97.33
141,XP50,man11,55.0,38.76,15.69,2017-08-25,2017-10-02,2147.49
142,XM13,man95,98.0,82.94,28.87,2017-09-08,2017-09-25,8156.99
143,DG28,man26,75.0,64.58,25.09,2017-09-06,2017-09-24,4868.59
144,WN53,man19,91.0,32.57,18.2,2017-08-13,2017-10-02,2982.07
145,AM05,man33,69.0,44.18,13.79,2017-09-02,2017-10-10,3062.21
146,EB82,man07,85.0,94.65,12.25,2017-08-16,2017-10-10,8057.5
147,NO49,man74,64.0,21.78,21.41,2017-08-03,2017-10-14,1415.33
148,MM13,man73,74.0,53.33,11.8,2017-09-13,2017-09-25,3958.22
149,JY65,man28,38.0,55.51,10.49,2017-08-12,2017-10-15,2119.87
150,XX11,man96,77.0,31.96,27.36,2017-08-29,2017-09-25,2488.28
151,KH77,man57,88.0,34.53,27.45,2017-08-12,2017-10-16,3066.09
152,AH18,man71,20.0,57.93,18.55,2017-09-12,2017-10-07,1177.15
153,KH76,man35,1.0,21.99,29.86,2017-07-29,2017-10-09,51.85
154,FH35,man61,42.0,56.63,15.91,2017-07-22,2017-10-04,2394.37
155,AV51,man76,50.0,79.76,20.2,2017-08-13,2017-10-08,4008.2
156,ME29,man71,31.0,85.65,24.62,2017-08-15,2017-10-09,2679.77
157,DM87,man97,85.0,51.53,19.48,2017-08-04,2017-10-15,4399.53
158,SL74,man38,33.0,26.8,10.16,2017-08-10,2017-09-26,894.56
159,HQ55,man39,26.0,96.42,28.58,2017-09-15,2017-09-25,2535.5
160,DF49,man16,97.0,52.68,18.99,2017-08-16,2017-09-20,5128.95
161,AW00,man52,94.0,29.28,16.41,2017-09-17,2017-09-30,2768.73
162,EB96,man55,9.0,89.05,25.79,2017-08-05,2017-09-23,827.24
163,GY92,man61,8.0,93.71,20.86,2017-08-12,2017-09-22,770.54
164,JW54,man26,35.0,49.98,19.53,2017-09-07,2017-09-24,1768.83
165,OS46,man59,12.0,35.02,26.57,2017-08-08,2017-10-19,446.81
166,JB19,man60,75.0,51.96,21.4,2017-08-01,2017-09-22,3918.4
167,BB69,man02,36.0,92.73,14.84,2017-07-31,2017-10-12,3353.12
168,VO99,man95,4.0,92.87,25.1,2017-09-02,2017-10-13,396.58
169,LV17,man21,47.0,25.82,28.9,2017-07-27,2017-10-11,1242.44
170,CM20,man55,62.0,60.55,26.49,2017-07-23,2017-09-26,3780.59
171,EW04,man22,94.0,84.2,24.11,2017-08-16,2017-09-22,7938.91
172,GC13,man07,72.0,79.91,21.24,2017-08-10,2017-10-19,5774.76
173,KW02,man69,56.0,24.18,13.97,2017-09-04,2017-09-20,1368.05
174,UU91,man58,41.0,47.48,20.22,2017-08-14,2017-09-22,1966.9
175,QN75,man69,25.0,92.57,16.82,2017-08-02,2017-10-15,2331.07
176,IG16,man13,99.0,70.09,13.71,2017-09-01,2017-10-08,6952.62
177,KC64,man56,99.0,21.99,23.36,2017-09-16,2017-10-11,2200.37
178,BN54,man18,100.0,93.45,20.37,2017-08-22,2017-10-07,9365.37
179,IA96,man78,85.0,96.96,19.82,2017-09-16,2017-10-08,8261.42
180,MV36,man46,42.0,82.13,25.44,2017-09-16,2017-10-19,3474.9
181,HY62,man06,21.0,29.95,23.67,2017-08-27,2017-10-11,652.62
182,BE18,man31,33.0,26.8,29.06,2017-09-06,2017-10-06,913.46
183,OU60,man60,78.0,43.53,24.57,2017-07-27,2017-10-05,3419.91
184,QP32,man34,67.0,31.39,26.52,2017-08-16,2017-10-03,2129.65
185,AG45,man52,87.0,75.08,14.16,2017-08-10,2017-10-18,6546.12
186,BB84,man73,52.0,24.14,12.99,2017-08-29,2017-10-20,1268.27
187,VQ29,man37,15.0,32.59,10.63,2017-08-23,2017-10-12,499.48
188,KX20,man15,65.0,59.67,20.42,2017-08-13,2017-09-23,3898.97
189,KE68,man77,26.0,75.58,29.54,2017-07-24,2017-09-23,1994.62
190,EV69,man03,89.0,45.02,11.86,2017-08-01,2017-09-24,4018.64
191,ST86,man80,17.0,62.34,23.55,2017-08-09,2017-09-29,1083.33
192,QZ03,man44,86.0,82.36,10.69,2017-08-04,2017-09-29,7093.65
193,QW45,man94,49.0,58.7,11.31,2017-08-02,2017-09-29,2887.61
194,UL19,man90,86.0,76.12,25.52,2017-08-28,2017-09-28,6571.84
195,EL35,man00,93.0,71.76,28.16,2017-08-13,2017-09-21,6701.84
196,GL15,man20,80.0,64.59,17.33,2017-09-09,2017-10-15,5184.53
197,MQ27,man98,24.0,53.92,21.44,2017-08-23,2017-09-21,1315.52
198,BH63,man46,39.0,34.29,16.65,2017-08-15,2017-10-07,1353.96
199,LB78,man46,41.0,59.61,13.08,2017-08-20,2017-09-28,2457.09
200,FL14,man59,95.0,97.78,11.93,2017-07-26,2017-10-13,9301.03
201,HK12,man11,23.0,85.18,16.82,2017-08-11,2017-10-06,1975.96
202,XX88,man79,95.0,57.57,29.27,2017-07-27,2017-10-17,5498.42
203,WB54,man05,71.0,55.77,23.84,2017-08-30,2017-10-07,3983.51
204,EC74,man74,29.0,91.94,28.21,2017-08-28,2017-10-19,2694.47
205,TG50,man62,24.0,49.48,26.33,2017-08-23,2017-09-23,1213.85
206,YT43,man80,31.0,60.62,20.77,2017-08-26,2017-10-20,1899.99
207,VZ47,man17,31.0,52.24,18.16,2017-08-02,2017-10-12,1637.6
208,RB40,man46,93.0,47.49,12.68,2017-07-24,2017-10-19,4429.25
209,DA69,man57,81.0,82.21,23.01,2017-08-21,2017-09-26,6682.02
210,NM45,man35,43.0,57.76,26.31,2017-07-30,2017-10-17,2509.99
211,MX89,man13,21.0,57.64,27.78,2017-09-14,2017-10-10,1238.22
212,SU89,man76,43.0,94.37,23.99,2017-08-27,2017-10-09,4081.9
213,KJ78,man71,57.0,42.5,19.94,2017-09-16,2017-10-05,2442.44
214,IT35,man80,75.0,31.29,21.86,2017-08-22,2017-10-07,2368.61
215,YW68,man77,61.0,23.57,27.89,2017-08-15,2017-10-16,1465.66
216,DT42,man39,23.0,81.65,10.43,2017-09-12,2017-10-03,1888.38
217,QH03,man86,64.0,95.47,15.17,2017-09-16,2017-10-05,6125.25
218,EZ24,man35,69.0,67.64,14.61,2017-08-02,2017-10-12,4681.77
219,OR84,man54,69.0,74.37,12.58,2017-09-06,2017-10-14,5144.11
220,VD40,man33,52.0,92.34,13.5,2017-07-25,2017-10-09,4815.18
221,IP69,man17,99.0,28.41,24.76,2017-08-28,2017-09-24,2837.35
222,RE00,man99,92.0,31.54,17.11,2017-09-13,2017-09-21,2918.79
223,XL76,man48,61.0,80.53,17.95,2017-08-29,2017-10-02,4930.28
224,TB05,man91,49.0,64.3,17.01,2017-08-26,2017-10-15,3167.71
225,ZT13,man73,38.0,96.5,28.88,2017-08-30,2017-10-02,3695.88
226,IU61,man91,37.0,56.04,22.84,2017-08-16,2017-09-20,2096.32
227,AG28,man87,31.0,99.66,12.87,2017-09-11,2017-10-14,3102.33
228,NV50,man44,22.0,59.2,10.26,2017-09-01,2017-09-29,1312.66
229,RA61,man30,100.0,75.38,19.71,2017-08-26,2017-09-28,7557.71
230,LI33,man90,12.0,73.03,29.38,2017-08-06,2017-09-28,905.74
231,VU36,man14,98.0,22.06,26.35,2017-08-17,2017-09-22,2188.23
232,DS81,man95,95.0,58.83,18.46,2017-08-12,2017-10-20,5607.31
233,BW08,man60,84.0,70.18,16.5,2017-08-26,2017-10-02,5911.62
234,QG15,man65,99.0,40.67,23.54,2017-08-12,2017-09-30,4049.87
235,JH81,man55,46.0,80.75,29.73,2017-08-06,2017-10-20,3744.23
236,SF06,man18,9.0,37.87,11.55,2017-07-22,2017-10-07,352.38
237,SC42,man92,74.0,61.96,20.95,2017-08-09,2017-10-05,4605.99
238,IN70,man61,46.0,91.73,26.96,2017-08-31,2017-10-17,4246.54
239,HI01,man23,86.0,49.96,28.93,2017-08-17,2017-10-10,4325.49
240,WZ97,man95,61.0,81.25,13.71,2017-08-01,2017-10-10,4969.96
241,MS16,man42,86.0,73.66,28.62,2017-08-01,2017-09-30,6363.38
242,NN47,man11,41.0,94.15,29.2,2017-09-11,2017-09-30,3889.35
243,GF00,man45,22.0,31.51,29.9,2017-08-25,2017-10-03,723.12
244,CB71,man79,85.0,79.55,21.78,2017-08-17,2017-09-28,6783.53
245,FF12,man73,5.0,29.94,26.31,2017-09-08,2017-09-20,176.01
246,IE28,man72,26.0,72.76,15.28,2017-09-08,2017-10-06,1907.04
247,AK48,man38,5.0,78.24,16.92,2017-08-05,2017-09-27,408.12
248,LS66,man77,51.0,75.76,15.48,2017-08-15,2017-10-01,3879.24
249,MC12,man79,18.0,98.8,27.94,2017-08-13,2017-10-01,1806.34
250,RV33,man70,74.0,21.01,11.68,2017-08-26,2017-10-17,1566.42
251,NP25,man60,69.0,65.38,19.45,2017-09-15,2017-09-23,4530.67
252,DC70,man34,47.0,37.59,18.65,2017-08-14,2017-09-24,1785.38
253,BV21,man66,19.0,35.48,14.42,2017-07-23,2017-10-15,688.54
254,JL10,man36,82.0,62.74,19.74,2017-08-29,2017-09-30,5164.42
255,MW92,man65,68.0,77.38,22.65,2017-08-12,2017-10-09,5284.49
256,OU49,man04,8.0,59.35,16.0,2017-09-19,2017-10-02,490.8
257,AP52,man59,66.0,62.01,11.96,2017-08-13,2017-09-29,4104.62
258,YU43,man06,53.0,64.68,11.43,2017-07-26,2017-10-01,3439.47
259,CI01,man32,74.0,30.6,18.17,2017-08-18,2017-10-19,2282.57
260,JW32,man82,19.0,61.1,26.4,2017-07-28,2017-10-19,1187.3
261,RY28,man74,2.0,88.28,17.87,2017-07-25,2017-10-05,194.43
262,HC96,man04,31.0,61.99,10.94,2017-09-18,2017-09-23,1932.63
263,IM81,man92,83.0,72.68,26.97,2017-08-20,2017-10-18,6059.41
264,GG38,man95,4.0,43.0,16.47,2017-08-01,2017-09-20,188.47
265,DX84,man58,83.0,73.48,26.06,2017-07-31,2017-10-02,6124.9
266,MQ97,man58,7.0,44.38,25.37,2017-08-23,2017-10-01,336.03
267,CY62,man91,35.0,98.85,11.19,2017-09-01,2017-09-28,3470.94
268,IM27,man84,75.0,79.54,17.64,2017-08-15,2017-09-25,5983.14
269,LP84,man41,92.0,34.91,13.64,2017-08-01,2017-10-02,3225.36
270,ZT95,man43,40.0,95.72,29.04,2017-09-02,2017-09-29,3857.84
271,RL94,man30,47.0,28.15,27.31,2017-08-10,2017-09-30,1350.36
272,LZ88,man19,60.0,22.62,22.6,2017-08-14,2017-10-15,1379.8
273,WG45,man12,13.0,33.4,28.19,2017-08-28,2017-09-29,462.39
274,TJ19,man02,44.0,36.74,29.75,2017-09-19,2017-10-15,1646.31
275,WY81,man43,5.0,47.47,12.28,2017-09-13,2017-10-02,249.63
276,XX12,man28,4.0,36.46,17.28,2017-09-11,2017-09-22,163.12
277,KE86,man45,94.0,80.89,11.44,2017-07-27,2017-09-22,7615.1
278,OC35,man51,58.0,62.44,20.6,2017-08-12,2017-10-03,3642.12
279,BY26,man96,13.0,89.49,20.48,2017-09-03,2017-10-17,1183.85
280,MD07,man53,33.0,51.64,15.59,2017-07-28,2017-09-26,1719.71
281,TQ47,man08,78.0,55.37,29.53,2017-08-01,2017-10-08,4348.39
282,LG88,man83,28.0,64.13,11.74,2017-08-05,2017-10-15,1807.38
283,IY07,man18,21.0,68.26,13.08,2017-09-02,2017-09-27,1446.54
284,EG38,man23,74.0,75.0,19.11,2017-07-30,2017-09-25,5569.11
285,MO19,man45,50.0,60.78,28.98,2017-09-07,2017-09-22,3067.98
286,LG96,man07,18.0,96.73,27.89,2017-08-28,2017-09-24,1769.03
287,MW40,man43,85.0,24.84,22.24,2017-08-18,2017-09-24,2133.64
288,IE21,man40,71.0,44.97,18.67,2017-09-18,2017-09-25,3211.54
289,WM65,man04,57.0,42.32,26.28,2017-09-18,2017-09-21,2438.52
290,RY33,man24,1.0,27.2,12.54,2017-09-01,2017-09-22,39.74
291,KK64,man08,78.0,36.38,13.95,2017-09-12,2017-10-13,2851.59
292,IG73,man60,72.0,59.78,18.28,2017-08-06,2017-10-16,4322.44
293,EL57,man66,94.0,50.71,27.89,2017-08-27,2017-09-22,4794.63
294,HE84,man97,74.0,60.76,23.32,2017-08-23,2017-10-08,4519.56
295,AJ00,man72,72.0,46.27,11.48,2017-09-12,2017-10-07,3342.92
296,NM19,man30,54.0,30.4,11.61,2017-09-08,2017-10-05,1653.21
297,OP11,man32,87.0,52.41,19.65,2017-08-03,2017-09-20,4579.32
298,TR11,man84,2.0,29.09,10.9,2017-07-29,2017-10-03,69.08
299,XH95,man03,68.0,48.35,27.32,2017-09-04,2017-09-26,3315.12
300,AH49,man62,3.0,62.75,15.71,2017-08-25,2017-09-27,203.96
301,VX61,man25,86.0,28.79,25.87,2017-08-27,2017-09-28,2501.81
302,TY03,man55,79.0,44.08,11.68,2017-08-08,2017-10-02,3494.0
303,HC45,man25,26.0,50.93,22.18,2017-07-27,2017-10-04,1346.36
304,PQ68,man39,4.0,85.19,26.99,2017-08-24,2017-09-28,367.75
305,YT12,man14,44.0,34.28,12.58,2017-09-15,2017-09-24,1520.9
306,SR85,man58,96.0,62.34,22.85,2017-07-25,2017-09-20,6007.49
307,PS08,man89,74.0,71.07,23.9,2017-08-07,2017-10-14,5283.08
308,QI35,man40,62.0,49.62,29.21,2017-08-24,2017-09-20,3105.65
309,VV57,man82,28.0,99.96,11.96,2017-08-30,2017-10-17,2810.84
310,BT00,man49,40.0,85.95,12.81,2017-08-26,2017-09-27,3450.81
311,XT23,man15,34.0,74.72,14.05,2017-07-28,2017-10-01,2554.53
312,RG95,man24,99.0,42.72,24.52,2017-08-07,2017-10-03,4253.8
313,UJ40,man87,68.0,60.29,16.27,2017-09-17,2017-10-10,4115.99
314,HU65,man02,1.0,47.4,21.52,2017-09-06,2017-10-07,68.92
315,XD64,man30,87.0,38.74,25.95,2017-08-08,2017-09-20,3396.33
316,TZ68,man70,6.0,55.01,22.71,2017-08-22,2017-10-03,352.77
317,BY64,man72,26.0,54.32,20.08,2017-08-20,2017-09-23,1432.4
318,GJ70,man08,20.0,60.22,22.84,2017-09-11,2017-10-19,1227.24
319,SO69,man82,75.0,36.37,28.0,2017-08-17,2017-10-01,2755.75
320,UU88,man54,28.0,34.98,22.76,2017-08-14,2017-10-18,1002.2
321,AR96,man71,5.0,28.41,25.4,2017-08-21,2017-09-24,167.45
322,GJ07,man87,56.0,46.5,17.88,2017-08-03,2017-09-28,2621.88
323,HW90,man35,16.0,97.32,29.55,2017-09-10,2017-09-22,1586.67
324,AQ37,man81,71.0,21.19,13.97,2017-07-22,2017-09-21,1518.46
325,BL80,man63,7.0,57.2,13.13,2017-08-14,2017-10-19,413.53
326,ZD07,man26,24.0,79.95,20.28,2017-08-07,2017-09-22,1939.08
327,GL71,man95,51.0,67.09,18.76,2017-08-27,2017-09-30,3440.35
328,FI61,man95,56.0,75.01,14.85,2017-08-29,2017-10-10,4215.41
329,ST97,man13,21.0,83.29,10.94,2017-09-20,2017-10-12,1760.03
330,RI34,man03,27.0,58.01,17.91,2017-08-09,2017-09-25,1584.18
331,EQ45,man05,83.0,32.3,12.9,2017-09-09,2017-10-10,2693.8
332,KR56,man24,75.0,46.02,13.68,2017-07-30,2017-09-25,3465.18
333,UE35,man11,38.0,77.32,28.4,2017-07-31,2017-10-03,2966.56
334,VC09,man02,33.0,71.3,20.13,2017-08-12,2017-10-07,2373.03
335,OC45,man20,11.0,80.5,11.12,2017-08-02,2017-09-26,896.62
336,NX18,man16,37.0,34.61,14.79,2017-08-25,2017-10-13,1295.36
337,FW73,man01,2.0,88.77,15.77,2017-08-02,2017-10-08,193.31
338,NV19,man51,65.0,49.0,23.31,2017-08-12,2017-10-01,3208.31
339,ID99,man87,79.0,56.0,14.7,2017-08-09,2017-10-07,4438.7
340,JM36,man68,56.0,34.57,19.05,2017-08-21,2017-10-11,1954.97
341,VI00,man63,42.0,59.09,18.02,2017-09-13,2017-10-03,2499.8
342,DE51,man59,50.0,21.05,19.91,2017-08-09,2017-10-02,1072.41
343,GT04,man60,18.0,98.63,25.67,2017-09-16,2017-10-16,1801.01
344,JV14,man48,38.0,43.19,13.51,2017-09-06,2017-10-05,1654.73
345,FQ46,man98,86.0,84.33,20.13,2017-09-02,2017-09-20,7272.51
346,DD52,man75,83.0,85.16,27.97,2017-07-25,2017-10-07,7096.25
347,BS95,man85,45.0,76.38,15.66,2017-08-07,2017-10-08,3452.76
348,GP67,man55,78.0,51.47,16.55,2017-08-29,2017-09-23,4031.21
349,OJ73,man08,67.0,93.38,22.83,2017-09-11,2017-10-16,6279.29
350,JL82,man83,83.0,85.58,19.32,2017-08-20,2017-09-23,7122.46
351,BK59,man27,12.0,40.08,28.08,2017-08-17,2017-10-08,509.04
352,AR70,man00,88.0,80.18,28.88,2017-08-25,2017-10-20,7084.72
353,QE04,man38,6.0,20.58,17.44,2017-08-07,2017-10-18,140.92
354,EC52,man82,77.0,68.97,16.95,2017-09-16,2017-10-03,5327.64
355,QA09,man66,33.0,73.83,25.14,2017-08-08,2017-10-01,2461.53
356,ML99,man16,45.0,77.19,18.6,2017-08-30,2017-09-21,3492.15
357,JC15,man76,70.0,29.23,13.39,2017-08-12,2017-10-18,2059.49
358,UQ95,man01,83.0,37.48,21.86,2017-07-31,2017-10-11,3132.7
359,OT40,man16,70.0,74.34,11.98,2017-07-27,2017-09-28,5215.78
360,XW15,man01,53.0,23.16,13.39,2017-09-06,2017-09-28,1240.87
361,BW98,man74,27.0,21.72,22.91,2017-09-09,2017-10-06,609.35
362,HL35,man35,33.0,45.39,10.25,2017-09-06,2017-10-08,1508.12
363,CB62,man46,24.0,44.56,28.71,2017-09-18,2017-10-11,1098.15
364,BA91,man40,43.0,25.22,24.45,2017-09-16,2017-09-26,1108.91
365,ZM48,man65,49.0,35.17,16.73,2017-08-08,2017-10-14,1740.06
366,VY96,man53,44.0,50.39,18.03,2017-07-22,2017-10-07,2235.19
367,UB01,man66,66.0,54.93,26.51,2017-08-12,2017-09-22,3651.89
368,CG56,man29,90.0,27.38,22.95,2017-08-30,2017-10-05,2487.15
369,IL62,man76,64.0,96.25,21.37,2017-09-06,2017-10-02,6181.37
370,WA81,man67,60.0,75.32,12.73,2017-08-20,2017-10-11,4531.93
371,EM71,man63,78.0,49.28,12.9,2017-09-16,2017-10-12,3856.74
372,LQ36,man20,99.0,36.13,24.82,2017-08-14,2017-10-02,3601.69
373,VO32,man19,10.0,31.83,13.96,2017-08-27,2017-10-12,332.26
374,BQ21,man77,5.0,76.85,29.84,2017-08-31,2017-10-08,414.09
375,NC20,man89,73.0,89.05,11.16,2017-08-23,2017-10-20,6511.81
376,AX49,man14,26.0,94.33,15.86,2017-08-14,2017-10-09,2468.44
377,AT58,man73,80.0,83.18,18.99,2017-09-13,2017-10-16,6673.39
378,JJ21,man44,1.0,21.26,26.0,2017-08-24,2017-10-15,47.26
379,RP84,man60,47.0,28.27,27.38,2017-08-07,2017-10-09,1356.07
380,LA60,man39,91.0,79.81,18.35,2017-07-27,2017-09-28,7281.06
381,AU96,man87,15.0,34.72,18.72,2017-09-18,2017-09-21,539.52
382,ZP15,man81,34.0,46.86,29.01,2017-08-06,2017-10-02,1622.25
383,BJ62,man09,67.0,82.46,26.65,2017-09-07,2017-10-16,5551.47
384,XV90,man80,95.0,96.24,13.39,2017-08-10,2017-10-18,9156.19
385,GL85,man75,40.0,88.14,23.31,2017-08-01,2017-10-07,3548.91
386,SZ53,man81,58.0,99.4,22.56,2017-08-12,2017-09-24,5787.76
387,VE13,man47,81.0,53.35,16.44,2017-08-16,2017-10-09,4337.79
388,EE13,man07,26.0,73.71,27.46,2017-08-02,2017-10-14,1943.92
389,VC20,man40,53.0,50.88,26.75,2017-07-26,2017-09-29,2723.39
390,KT28,man40,13.0,86.82,24.87,2017-08-01,2017-10-01,1153.53
391,VL96,man67,74.0,45.88,14.54,2017-08-24,2017-10-02,3409.66
392,WK42,man49,85.0,29.47,28.82,2017-08-13,2017-09-27,2533.77
393,EC33,man79,81.0,90.87,28.1,2017-09-13,2017-09-24,7388.57
394,NA50,man50,5.0,43.0,28.73,2017-08-09,2017-10-17,243.73
395,US09,man07,24.0,93.18,29.99,2017-08-03,2017-10-19,2266.31
396,XX21,man02,63.0,56.07,28.22,2017-07-26,2017-10-13,3560.63
397,VY42,man90,87.0,57.09,14.16,2017-09-16,2017-10-15,4980.99
398,EX29,man11,95.0,93.0,11.05,2017-08-11,2017-10-01,8846.05
399,XW39,man03,76.0,81.45,11.13,2017-08-21,2017-10-19,6201.33
400,GC62,man05,83.0,51.52,26.55,2017-09-13,2017-09-21,4302.71
401,EN41,man78,10.0,56.62,27.82,2017-09-17,2017-10-16,594.02
402,ZD56,man56,70.0,71.43,15.53,2017-09-07,2017-10-01,5015.63
403,QI82,man91,3.0,74.29,25.47,2017-08-31,2017-10-08,248.34
404,FJ06,man04,62.0,37.47,27.11,2017-08-14,2017-10-18,2350.25
405,PY42,man33,39.0,95.57,11.61,2017-08-28,2017-10-12,3738.84
406,SJ30,man54,13.0,78.52,11.71,2017-07-27,2017-10-09,1032.47
407,OB57,man94,30.0,91.8,10.38,2017-08-10,2017-10-07,2764.38
408,MT92,man06,62.0,94.15,22.02,2017-08-25,2017-09-24,5859.32
409,VK67,man62,3.0,82.37,28.13,2017-08-20,2017-10-16,275.24
410,RY30,man89,51.0,93.62,18.55,2017-08-16,2017-10-05,4793.17
411,MG28,man68,8.0,39.04,18.88,2017-08-28,2017-09-29,331.2
412,UQ50,man42,13.0,29.63,17.21,2017-08-27,2017-10-05,402.4
413,TJ85,man46,88.0,79.06,22.79,2017-07-24,2017-10-10,6980.07
414,SN08,man72,50.0,77.75,15.11,2017-08-26,2017-10-08,3902.61
415,PD90,man58,88.0,29.25,11.04,2017-08-01,2017-10-07,2585.04
416,QW98,man02,34.0,26.42,27.7,2017-08-20,2017-09-24,925.98
417,JX75,man73,10.0,78.35,26.78,2017-09-15,2017-09-30,810.28
418,CU40,man91,14.0,90.75,18.59,2017-09-07,2017-10-13,1289.09
419,PU86,man41,49.0,36.08,19.62,2017-09-04,2017-10-19,1787.54
420,QT42,man58,15.0,28.49,23.34,2017-08-22,2017-10-04,450.69
421,ZR44,man24,17.0,76.75,19.29,2017-08-22,2017-10-17,1324.04
422,ZC01,man80,78.0,66.54,18.12,2017-08-01,2017-10-20,5208.24
423,FY84,man49,2.0,82.71,22.33,2017-09-10,2017-09-23,187.75
424,CI76,man62,32.0,66.18,19.94,2017-08-25,2017-10-06,2137.7
425,UT91,man75,17.0,85.67,23.97,2017-08-23,2017-10-05,1480.36
426,BZ22,man41,25.0,67.54,21.74,2017-08-30,2017-10-13,1710.24
427,XO13,man61,6.0,21.62,13.66,2017-08-08,2017-10-11,143.38
428,IN61,man71,79.0,90.95,19.28,2017-08-29,2017-09-20,7204.33
429,WK21,man36,59.0,61.22,28.41,2017-08-15,2017-09-27,3640.39
430,MX06,man96,62.0,85.22,16.74,2017-08-26,2017-10-13,5300.38
431,SX55,man41,100.0,38.51,20.73,2017-08-18,2017-09-29,3871.73
432,II30,man21,91.0,45.15,12.53,2017-09-06,2017-10-14,4121.18
433,JO38,man44,56.0,47.03,22.36,2017-08-06,2017-10-07,2656.04
434,AQ42,man41,6.0,51.39,14.4,2017-08-17,2017-10-12,322.74
435,BQ95,man41,18.0,97.49,14.63,2017-08-01,2017-09-26,1769.45
436,PN71,man99,12.0,49.41,21.08,2017-09-17,2017-10-18,614.0
437,WD33,man03,70.0,20.36,19.26,2017-08-14,2017-10-16,1444.46
438,SL34,man26,96.0,45.27,16.32,2017-08-23,2017-10-18,4362.24
439,XJ04,man05,21.0,92.83,24.95,2017-08-10,2017-10-16,1974.38
440,SP07,man20,52.0,98.17,21.38,2017-08-20,2017-10-11,5126.22
441,VS33,man59,9.0,43.15,11.15,2017-08-29,2017-10-01,399.5
442,YK48,man40,2.0,32.33,12.47,2017-09-15,2017-09-26,77.13
443,QM56,man65,24.0,67.56,27.19,2017-09-18,2017-10-19,1648.63
444,OO43,man78,12.0,75.36,22.38,2017-07-24,2017-09-30,926.7
445,AX37,man64,74.0,42.73,10.25,2017-08-01,2017-09-21,3172.27
446,TZ72,man33,74.0,27.49,13.54,2017-09-18,2017-09-21,2047.8
447,RC34,man12,56.0,31.41,26.82,2017-08-12,2017-10-10,1785.78
448,XH77,man58,100.0,63.61,17.36,2017-08-26,2017-10-15,6378.36
449,HX75,man48,62.0,38.25,12.04,2017-09-02,2017-10-02,2383.54
450,FB47,man38,9.0,39.63,18.06,2017-08-03,2017-10-14,374.73
451,JL23,man11,39.0,99.69,13.69,2017-08-02,2017-10-17,3901.6
452,PD89,man84,75.0,61.37,12.8,2017-08-19,2017-09-30,4615.55
453,XA05,man29,37.0,38.68,20.49,2017-09-02,2017-10-20,1451.65
454,CW16,man40,53.0,25.36,15.86,2017-08-27,2017-09-21,1359.94
455,DB61,man18,64.0,94.7,21.99,2017-08-26,2017-10-09,6082.79
456,JI19,man07,77.0,32.91,24.18,2017-09-08,2017-10-13,2558.25
457,YI87,man85,82.0,35.73,14.86,2017-07-26,2017-10-18,2944.72
458,BR93,man91,75.0,45.44,24.59,2017-08-22,2017-09-20,3432.59
459,NV29,man71,31.0,26.03,18.76,2017-09-12,2017-09-23,825.69
460,BX05,man86,35.0,20.89,13.63,2017-07-23,2017-10-15,744.78
461,VA25,man24,71.0,90.93,26.08,2017-08-12,2017-10-01,6482.11
462,SN38,man73,95.0,73.21,11.93,2017-09-05,2017-09-30,6966.88
463,FI57,man11,25.0,42.71,28.04,2017-09-14,2017-10-20,1095.79
464,YQ62,man23,42.0,36.86,23.44,2017-07-26,2017-10-10,1571.56
465,ZB24,man27,58.0,56.42,19.54,2017-08-19,2017-09-26,3291.9
466,RH11,man03,6.0,70.52,11.17,2017-08-01,2017-10-19,434.29
467,GJ88,man67,4.0,86.08,22.36,2017-09-05,2017-10-07,366.68
468,YD95,man78,91.0,69.15,25.32,2017-08-15,2017-10-16,6317.97
469,BX27,man08,47.0,73.15,26.81,2017-08-01,2017-10-17,3464.86
470,FI84,man42,69.0,34.19,28.57,2017-09-04,2017-10-12,2387.68
471,VG44,man57,82.0,61.05,18.34,2017-08-12,2017-09-24,5024.44
472,VD16,man36,39.0,79.12,23.99,2017-08-31,2017-09-29,3109.67
473,YV22,man79,37.0,57.8,21.6,2017-08-28,2017-10-16,2160.2
474,SB05,man95,5.0,48.39,26.99,2017-08-20,2017-10-04,268.94
475,DC59,man37,17.0,75.17,25.67,2017-09-03,2017-09-26,1303.56
476,CK56,man38,3.0,59.71,15.99,2017-09-15,2017-09-22,195.12
477,JN75,man72,80.0,47.81,27.5,2017-07-30,2017-09-20,3852.3
478,KW00,man07,64.0,48.98,11.11,2017-09-15,2017-10-15,3145.83
479,PF45,man67,28.0,97.79,24.02,2017-09-16,2017-10-11,2762.14
480,UF52,man00,86.0,88.26,27.81,2017-08-23,2017-10-07,7618.17
481,CZ82,man14,79.0,59.73,18.25,2017-08-11,2017-10-03,4736.92
482,MP79,man74,26.0,49.62,12.69,2017-08-04,2017-10-05,1302.81
483,JL01,man00,50.0,43.91,15.67,2017-08-14,2017-09-27,2211.17
484,KQ84,man12,60.0,37.83,27.85,2017-08-23,2017-09-25,2297.65
485,BT41,man51,31.0,86.13,10.55,2017-09-07,2017-09-29,2680.58
486,IV69,man08,7.0,23.82,23.24,2017-08-30,2017-10-16,189.98
487,NW78,man06,10.0,41.39,28.47,2017-08-20,2017-10-19,442.37
488,VB21,man09,49.0,28.84,28.93,2017-07-31,2017-09-25,1442.09
489,MQ41,man51,69.0,90.11,24.73,2017-08-31,2017-10-17,6242.32
490,PT33,man76,99.0,28.37,26.08,2017-08-02,2017-09-22,2834.71
491,LZ89,man84,23.0,94.11,29.58,2017-07-24,2017-09-27,2194.11
492,KC08,man96,62.0,33.44,15.93,2017-07-27,2017-10-09,2089.21
493,YH37,man07,95.0,23.11,23.58,2017-08-29,2017-09-24,2219.03
494,FQ86,man91,73.0,83.66,20.21,2017-09-12,2017-10-02,6127.39
495,SA10,man22,30.0,67.89,23.76,2017-09-12,2017-09-27,2060.46
496,JL03,man28,6.0,67.02,29.93,2017-08-21,2017-10-10,432.05
497,ZN26,man79,25.0,58.02,10.99,2017-09-01,2017-09-25,1461.49
498,ZS02,man97,84.0,51.77,15.13,2017-07-31,2017-10-10,4363.81
499,VT64,man40,88.0,27.97,19.14,2017-07-26,2017-10-08,2480.5
500,DZ30,man08,97.0,33.73,27.14,2017-08-03,2017-10-07,3298.95
501,AM33,man81,95.0,34.85,17.82,2017-08-17,2017-10-01,3328.57
502,LT14,man62,91.0,35.51,29.08,2017-09-08,2017-10-14,3260.49
503,OQ46,man94,69.0,93.38,19.4,2017-08-25,2017-10-18,6462.62
504,YU04,man56,5.0,97.89,28.26,2017-07-22,2017-09-28,517.71
505,DN51,man66,59.0,61.72,22.28,2017-09-13,2017-09-29,3663.76
506,YX19,man06,80.0,88.14,23.25,2017-08-15,2017-10-11,7074.45
507,NC25,man71,19.0,26.93,28.74,2017-08-17,2017-09-23,540.41
508,PE76,man17,19.0,39.57,17.3,2017-08-15,2017-10-16,769.13
509,RC60,man59,40.0,96.76,13.37,2017-08-29,2017-09-29,3883.77
510,VW98,man21,21.0,93.9,29.79,2017-07-24,2017-09-20,2001.69
511,RO70,man49,24.0,95.61,16.2,2017-08-22,2017-10-14,2310.84
512,GP01,man12,31.0,65.0,12.82,2017-09-01,2017-10-03,2027.82
513,CC33,man99,43.0,77.7,13.77,2017-09-11,2017-09-27,3354.87
514,NA24,man31,5.0,90.33,18.77,2017-09-20,2017-09-25,470.42
515,JR09,man16,85.0,79.73,15.03,2017-08-29,2017-10-14,6792.08
516,CU08,man77,74.0,95.53,27.33,2017-07-23,2017-10-15,7096.55
517,LA15,man24,24.0,30.59,13.58,2017-08-16,2017-09-29,747.74
518,TN85,man87,23.0,21.2,19.53,2017-09-03,2017-10-18,507.13
519,KK73,man51,1.0,58.14,16.61,2017-08-03,2017-09-22,74.75
520,LO54,man09,27.0,55.37,12.0,2017-08-23,2017-09-24,1506.99
521,CJ92,man84,69.0,72.43,26.45,2017-08-17,2017-09-22,5024.12
522,RQ82,man72,61.0,80.59,24.6,2017-09-15,2017-09-20,4940.59
523,HL85,man46,62.0,67.35,22.54,2017-09-19,2017-10-01,4198.24
524,RT68,man85,40.0,98.8,12.7,2017-08-05,2017-09-21,3964.7
525,QP45,man32,92.0,37.11,23.76,2017-08-20,2017-09-24,3437.88
526,JZ62,man59,13.0,78.66,20.14,2017-08-20,2017-09-21,1042.72
527,KW53,man86,25.0,39.17,10.58,2017-08-05,2017-09-28,989.83
528,KV64,man65,29.0,92.42,14.53,2017-08-18,2017-09-27,2694.71
529,GU21,man72,6.0,81.74,21.54,2017-08-22,2017-09-25,511.98
530,NF69,man05,25.0,80.84,28.75,2017-08-23,2017-10-12,2049.75
531,AV26,man88,53.0,61.36,20.48,2017-09-01,2017-10-14,3272.56
532,BW54,man61,51.0,27.22,25.0,2017-08-29,2017-10-09,1413.22
533,ZM32,man42,88.0,63.64,12.0,2017-07-28,2017-09-30,5612.32
534,KH61,man08,71.0,56.07,21.63,2017-07-29,2017-09-30,4002.6
535,UW69,man40,9.0,46.27,29.37,2017-08-15,2017-10-01,445.8
536,KW12,man36,31.0,33.08,18.25,2017-09-14,2017-10-08,1043.73
537,IJ16,man10,29.0,35.53,28.75,2017-09-04,2017-10-09,1059.12
538,BG09,man71,52.0,82.66,19.33,2017-08-15,2017-10-08,4317.65
539,RD54,man57,18.0,73.84,27.5,2017-08-20,2017-09-22,1356.62
540,AT62,man32,86.0,32.53,28.67,2017-08-06,2017-09-27,2826.25
541,HI06,man13,63.0,90.83,26.86,2017-09-10,2017-09-29,5749.15
542,IR98,man86,67.0,74.61,16.8,2017-07-28,2017-10-14,5015.67
543,HX54,man61,9.0,67.85,10.51,2017-08-05,2017-10-11,621.16
544,DN19,man53,98.0,76.95,24.42,2017-08-11,2017-09-22,7565.52
545,KX12,man57,6.0,68.85,26.87,2017-08-14,2017-10-14,439.97
546,HT53,man38,81.0,20.62,23.5,2017-08-07,2017-10-14,1693.72
547,OZ40,man09,20.0,52.8,19.11,2017-08-26,2017-09-25,1075.11
548,WE68,man51,40.0,84.29,18.38,2017-07-29,2017-10-20,3389.98
549,ZL51,man95,85.0,33.19,18.7,2017-08-08,2017-10-06,2839.85
550,KZ59,man99,93.0,77.88,20.95,2017-08-19,2017-10-06,7263.79
551,TJ20,man58,94.0,56.07,18.65,2017-09-18,2017-09-21,5289.23
552,XK95,man79,42.0,60.69,17.75,2017-07-29,2017-09-23,2566.73
553,WT19,man93,30.0,63.12,10.55,2017-08-03,2017-10-06,1904.15
554,HR87,man17,78.0,30.15,22.86,2017-08-27,2017-10-15,2374.56
555,EM92,man87,34.0,58.56,27.57,2017-09-12,2017-09-21,2018.61
556,IC47,man54,57.0,49.9,19.09,2017-07-25,2017-09-27,2863.39
557,YF06,man94,67.0,77.21,11.45,2017-07-22,2017-10-02,5184.52
558,JW51,man71,40.0,56.63,23.7,2017-08-30,2017-10-19,2288.9
559,BP27,man56,7.0,95.64,27.24,2017-09-19,2017-10-08,696.72
560,RV28,man66,66.0,97.85,10.52,2017-08-08,2017-09-24,6468.62
561,FJ59,man32,8.0,67.26,12.8,2017-08-15,2017-10-01,550.88
562,OK31,man71,69.0,30.75,16.37,2017-08-28,2017-10-12,2138.12
563,CF41,man55,34.0,69.79,29.87,2017-08-26,2017-09-21,2402.73
564,CD84,man13,85.0,38.63,20.78,2017-07-30,2017-09-29,3304.33
565,AW82,man92,87.0,87.33,25.99,2017-09-10,2017-10-07,7623.7
566,ZY80,man27,2.0,33.91,12.52,2017-07-31,2017-09-30,80.34
567,BO19,man03,95.0,25.19,21.92,2017-07-27,2017-09-28,2414.97
568,LJ75,man85,53.0,81.98,24.16,2017-09-20,2017-10-07,4369.1
569,BO47,man41,69.0,48.68,12.22,2017-08-23,2017-09-28,3371.14
570,AD28,man70,46.0,63.14,24.19,2017-08-01,2017-10-20,2928.63
571,ZT10,man63,99.0,98.73,13.1,2017-09-13,2017-10-14,9787.37
572,GB68,man28,93.0,73.52,29.91,2017-07-26,2017-10-20,6867.27
573,CX22,man19,65.0,90.62,20.03,2017-09-20,2017-09-29,5910.33
574,PC59,man94,71.0,60.79,24.45,2017-09-05,2017-10-08,4340.54
575,BX98,man54,38.0,44.96,19.97,2017-08-31,2017-09-21,1728.45
576,XI98,man69,73.0,21.31,18.3,2017-07-25,2017-10-07,1573.93
577,IR94,man90,62.0,23.26,11.61,2017-08-26,2017-09-21,1453.73
578,FI76,man37,77.0,62.97,11.02,2017-09-03,2017-09-23,4859.71
579,XP28,man12,1.0,37.04,17.11,2017-08-10,2017-10-10,54.15
580,YO73,man64,2.0,86.59,22.68,2017-08-19,2017-10-01,195.86
581,GB33,man95,23.0,32.63,21.1,2017-08-27,2017-09-28,771.59
582,AZ37,man88,90.0,38.28,20.0,2017-07-22,2017-09-29,3465.2
583,IN95,man87,79.0,42.67,19.97,2017-08-07,2017-10-10,3390.9
584,CV98,man77,11.0,36.91,19.36,2017-09-15,2017-10-05,425.37
585,QW93,man59,60.0,66.58,23.39,2017-09-19,2017-10-19,4018.19
586,JU28,man48,78.0,23.04,14.42,2017-08-08,2017-09-27,1811.54
587,BS97,man40,46.0,45.23,17.55,2017-08-07,2017-10-01,2098.13
588,KO07,man94,52.0,92.65,12.54,2017-08-30,2017-10-04,4830.34
589,LJ34,man71,24.0,85.13,27.97,2017-07-28,2017-10-02,2071.09
590,RE76,man03,27.0,54.2,12.57,2017-08-06,2017-09-29,1475.97
591,RQ26,man05,37.0,75.51,10.22,2017-08-28,2017-09-25,2804.09
592,AW87,man49,95.0,33.07,25.15,2017-09-01,2017-10-06,3166.8
593,JU26,man36,64.0,61.36,23.42,2017-08-21,2017-10-01,3950.46
594,LK77,man60,39.0,98.16,27.4,2017-08-27,2017-09-27,3855.64
595,IO81,man63,48.0,39.99,18.8,2017-08-15,2017-10-14,1938.32
596,TW39,man07,27.0,65.12,18.68,2017-08-07,2017-10-01,1776.92
597,CZ44,man08,92.0,34.26,10.29,2017-08-10,2017-10-03,3162.21
598,CR68,man93,25.0,67.21,20.55,2017-09-08,2017-09-25,1700.8
599,DB25,man39,44.0,77.74,13.35,2017-09-10,2017-10-12,3433.91
600,KP95,man15,41.0,63.12,25.39,2017-08-18,2017-10-10,2613.31
601,YL66,man92,83.0,27.98,10.1,2017-09-19,2017-09-23,2332.44
602,OX47,man94,60.0,89.27,10.19,2017-09-12,2017-09-24,5366.39
603,QI49,man97,64.0,26.89,16.77,2017-08-08,2017-09-29,1737.73
604,TK99,man24,90.0,49.06,21.63,2017-08-04,2017-10-20,4437.03
605,VW70,man59,51.0,59.66,15.73,2017-09-06,2017-10-02,3058.39
606,WL33,man48,47.0,40.21,23.45,2017-09-13,2017-10-07,1913.32
607,VQ44,man96,50.0,40.79,22.47,2017-09-14,2017-10-11,2061.97
608,NM04,man45,8.0,61.44,12.73,2017-08-01,2017-10-18,504.25
609,RB48,man14,63.0,61.75,23.83,2017-08-19,2017-10-11,3914.08
610,BT30,man48,52.0,48.13,11.29,2017-08-06,2017-09-28,2514.05
611,LT58,man01,75.0,59.05,17.1,2017-08-08,2017-10-04,4445.85
612,WA77,man78,84.0,85.01,20.94,2017-09-20,2017-09-29,7161.78
613,VA18,man08,80.0,61.27,17.37,2017-07-30,2017-10-09,4918.97
614,AO23,man12,86.0,21.44,28.48,2017-07-30,2017-10-07,1872.32
615,KO86,man55,82.0,29.94,11.88,2017-07-24,2017-10-04,2466.96
616,AF56,man12,30.0,81.21,20.49,2017-08-18,2017-10-02,2456.79
617,CJ15,man15,24.0,26.58,12.8,2017-09-09,2017-10-09,650.72
618,HX65,man26,99.0,57.94,21.47,2017-08-17,2017-09-23,5757.53
619,NH45,man98,1.0,45.36,16.84,2017-07-23,2017-09-24,62.2
620,JR11,man88,79.0,24.23,29.3,2017-07-31,2017-09-22,1943.47
621,ZH22,man67,9.0,83.58,20.0,2017-08-09,2017-10-09,772.22
622,BJ61,man78,37.0,30.02,26.49,2017-08-21,2017-09-20,1137.23
623,VE06,man88,21.0,40.09,19.63,2017-09-18,2017-09-22,861.52
624,SL39,man57,57.0,54.85,12.96,2017-08-22,2017-10-20,3139.41
625,ZI41,man69,49.0,75.81,13.66,2017-08-27,2017-09-20,3728.35
626,YF46,man84,16.0,78.27,18.64,2017-08-31,2017-10-06,1270.96
627,ZY09,man12,34.0,66.44,23.81,2017-08-06,2017-10-06,2282.77
628,VG75,man66,75.0,80.47,28.99,2017-09-10,2017-10-03,6064.24
629,VI66,man75,1.0,99.12,20.24,2017-09-20,2017-10-08,119.36
630,YS28,man83,18.0,32.01,29.98,2017-08-20,2017-09-26,606.16
631,FX23,man99,99.0,26.17,27.13,2017-09-07,2017-10-20,2617.96
632,KI41,man45,70.0,44.22,29.86,2017-08-04,2017-10-02,3125.26
633,YY92,man87,6.0,52.7,13.48,2017-09-05,2017-09-23,329.68
634,HF31,man13,42.0,28.91,14.56,2017-08-11,2017-10-05,1228.78
635,BQ24,man49,31.0,27.23,17.17,2017-09-19,2017-10-01,861.3
636,UW00,man88,83.0,31.65,18.62,2017-08-10,2017-10-20,2645.57
637,FU18,man38,73.0,47.41,24.31,2017-09-04,2017-10-20,3485.24
638,QI42,man13,68.0,93.62,14.89,2017-08-01,2017-10-18,6381.05
639,DE32,man36,10.0,45.48,27.62,2017-07-23,2017-10-06,482.42
640,EQ54,man62,43.0,50.41,19.22,2017-07-30,2017-09-27,2186.85
641,XJ82,man58,13.0,26.12,27.03,2017-08-03,2017-09-30,366.59
642,FX57,man71,32.0,35.64,25.09,2017-09-02,2017-09-24,1165.57
643,IQ89,man72,37.0,66.79,27.22,2017-08-13,2017-10-10,2498.45
644,OD93,man16,32.0,60.09,25.16,2017-08-12,2017-10-18,1948.04
645,QJ20,man29,16.0,62.19,27.27,2017-09-01,2017-09-29,1022.31
646,UY22,man30,8.0,89.46,19.25,2017-08-24,2017-10-14,734.93
647,JF61,man05,58.0,79.02,12.97,2017-09-14,2017-10-17,4596.13
648,ZL30,man76,40.0,27.53,22.23,2017-08-08,2017-10-09,1123.43
649,KX91,man70,27.0,87.19,29.25,2017-07-22,2017-09-23,2383.38
650,CE44,man63,29.0,94.55,11.88,2017-09-01,2017-09-21,2753.83
651,YV85,man85,90.0,62.77,14.01,2017-08-10,2017-09-20,5663.31
652,XY57,man59,93.0,52.11,12.0,2017-08-11,2017-10-09,4858.23
653,PB21,man33,67.0,68.39,26.99,2017-08-17,2017-09-30,4609.12
654,LY22,man35,52.0,57.0,19.07,2017-08-10,2017-10-03,2983.07
655,RZ66,man67,46.0,60.56,17.07,2017-08-06,2017-10-19,2802.83
656,XR05,man44,2.0,57.9,12.4,2017-09-12,2017-09-26,128.2
657,YJ07,man56,81.0,37.35,10.45,2017-09-18,2017-10-09,3035.8
658,FJ21,man11,43.0,61.6,13.65,2017-08-09,2017-09-26,2662.45
659,EZ90,man72,42.0,47.98,21.32,2017-08-02,2017-09-20,2036.48
660,EA08,man20,22.0,91.8,19.31,2017-08-02,2017-10-20,2038.91
661,WE32,man94,25.0,56.28,19.72,2017-07-29,2017-10-15,1426.72
662,VP72,man60,52.0,33.66,14.26,2017-08-22,2017-10-17,1764.58
663,BE56,man67,12.0,63.04,25.12,2017-08-08,2017-10-11,781.6
664,FB06,man96,41.0,53.26,20.44,2017-09-06,2017-09-29,2204.1
665,TX88,man64,43.0,65.59,29.05,2017-08-05,2017-10-03,2849.42
666,NQ50,man63,11.0,42.45,28.81,2017-09-09,2017-10-16,495.76
667,JF68,man39,83.0,80.82,12.57,2017-08-23,2017-10-02,6720.63
668,MU14,man06,70.0,76.12,23.45,2017-08-24,2017-09-25,5351.85
669,OS14,man65,28.0,92.48,14.17,2017-09-01,2017-10-05,2603.61
670,JI94,man39,88.0,71.13,18.03,2017-08-21,2017-10-07,6277.47
671,RP82,man55,96.0,39.49,29.98,2017-09-12,2017-09-26,3821.02
672,CR30,man95,8.0,84.66,16.64,2017-08-30,2017-10-12,693.92
673,IW85,man73,79.0,87.03,14.77,2017-09-01,2017-10-19,6890.14
674,DM76,man99,30.0,88.74,16.01,2017-08-24,2017-09-22,2678.21
675,TV32,man48,16.0,88.72,13.72,2017-08-11,2017-10-01,1433.24
676,DF72,man34,26.0,64.17,12.19,2017-08-22,2017-09-30,1680.61
677,KG70,man65,7.0,40.86,27.47,2017-08-08,2017-10-14,313.49
678,BA85,man50,70.0,82.99,26.53,2017-09-04,2017-10-05,5835.83
679,XC10,man89,97.0,73.51,20.18,2017-08-26,2017-09-25,7150.65
680,KB45,man79,93.0,82.83,23.97,2017-08-24,2017-09-22,7727.16
681,PA41,man62,33.0,64.12,29.59,2017-09-11,2017-09-25,2145.55
682,FF50,man32,10.0,93.55,17.64,2017-09-14,2017-10-10,953.14
683,VA18,man22,40.0,98.67,17.98,2017-08-11,2017-10-10,3964.78
684,DH15,man90,75.0,53.5,21.96,2017-07-23,2017-10-10,4034.46
685,VY68,man00,50.0,92.5,10.61,2017-07-28,2017-09-26,4635.61
686,QE36,man33,74.0,48.55,29.05,2017-09-18,2017-09-22,3621.75
687,ZB29,man12,22.0,26.62,26.91,2017-09-04,2017-10-15,612.55
688,QN90,man22,15.0,77.95,20.81,2017-09-15,2017-09-23,1190.06
689,VX95,man27,43.0,92.72,14.51,2017-07-29,2017-09-26,4001.47
690,UE10,man95,60.0,27.36,28.85,2017-08-16,2017-09-29,1670.45
691,UZ21,man89,33.0,28.43,20.02,2017-07-26,2017-09-27,958.21
692,CA47,man25,12.0,43.02,26.88,2017-08-05,2017-10-01,543.12
693,GG71,man09,30.0,26.6,25.01,2017-07-23,2017-10-19,823.01
694,YZ81,man26,58.0,63.91,26.83,2017-07-23,2017-10-15,3733.61
695,JQ64,man59,24.0,69.8,23.58,2017-08-04,2017-09-27,1698.78
696,QT81,man76,87.0,89.38,12.8,2017-08-23,2017-10-16,7788.86
697,BE70,man01,32.0,98.02,27.22,2017-09-09,2017-10-17,3163.86
698,GJ64,man88,68.0,83.41,28.12,2017-08-19,2017-10-18,5700.0
699,GC77,man84,17.0,54.68,21.81,2017-08-04,2017-09-22,951.37
700,VM41,man63,54.0,24.68,29.69,2017-08-25,2017-10-01,1362.41
701,MT30,man31,14.0,87.2,26.62,2017-08-18,2017-09-27,1247.42
702,MC06,man70,29.0,58.28,17.6,2017-09-02,2017-09-26,1707.72
703,GI68,man32,12.0,87.23,13.68,2017-08-08,2017-10-13,1060.44
704,RS41,man41,11.0,71.45,19.17,2017-08-27,2017-10-18,805.12
705,GY48,man28,88.0,20.47,26.9,2017-07-25,2017-10-17,1828.26
706,CM23,man29,66.0,25.88,16.14,2017-08-22,2017-09-24,1724.22
707,NP84,man27,45.0,83.21,17.26,2017-08-16,2017-10-16,3761.71
708,PV62,man25,87.0,93.78,23.95,2017-09-20,2017-10-07,8182.81
709,XS55,man21,7.0,49.44,16.98,2017-08-31,2017-10-16,363.06
710,II37,man02,23.0,45.58,24.81,2017-09-03,2017-10-03,1073.15
711,KO06,man37,30.0,21.08,12.04,2017-07-27,2017-10-03,644.44
712,EE47,man07,30.0,73.38,27.88,2017-08-21,2017-09-24,2229.28
713,PP93,man30,17.0,95.18,16.77,2017-08-24,2017-10-13,1634.83
714,XA84,man68,41.0,30.57,20.41,2017-08-22,2017-09-28,1273.78
715,YT38,man61,23.0,60.03,24.04,2017-07-28,2017-09-21,1404.73
716,EO08,man63,56.0,57.04,12.19,2017-08-07,2017-10-17,3206.43
717,IT54,man09,83.0,99.64,23.68,2017-08-29,2017-10-09,8293.8
718,CG67,man10,25.0,64.73,23.9,2017-09-18,2017-10-02,1642.15
719,HC42,man41,34.0,46.42,19.38,2017-08-17,2017-10-13,1597.66
720,TE32,man61,33.0,58.59,14.91,2017-07-22,2017-09-28,1948.38
721,AU58,man07,49.0,77.02,26.42,2017-07-25,2017-10-11,3800.4
722,RK91,man37,55.0,89.12,17.56,2017-08-05,2017-09-24,4919.16
723,EI27,man78,89.0,82.11,29.81,2017-08-08,2017-10-05,7337.6
724,QJ10,man38,47.0,23.51,19.21,2017-08-29,2017-10-10,1124.18
725,ZU55,man63,8.0,74.38,12.31,2017-09-06,2017-09-25,607.35
726,YF21,man46,48.0,43.5,27.14,2017-07-26,2017-09-26,2115.14
727,TQ35,man02,80.0,25.46,17.75,2017-08-28,2017-10-07,2054.55
728,FV00,man53,1.0,71.99,28.08,2017-09-03,2017-10-14,100.07
729,CU33,man30,84.0,22.51,15.91,2017-08-25,2017-10-08,1906.75
730,QY64,man20,75.0,84.5,25.27,2017-08-14,2017-10-04,6362.77
731,PA60,man06,19.0,94.58,24.14,2017-08-01,2017-10-09,1821.16
732,RU82,man22,14.0,68.73,17.65,2017-09-02,2017-10-10,979.87
733,FA17,man55,10.0,63.77,14.05,2017-07-24,2017-10-13,651.75
734,ZQ59,man50,18.0,27.09,14.31,2017-08-27,2017-10-03,501.93
735,ZB40,man57,81.0,96.09,25.95,2017-09-20,2017-10-11,7809.24
736,YG04,man18,50.0,32.82,18.39,2017-08-26,2017-10-10,1659.39
737,LY95,man87,24.0,79.8,26.86,2017-08-03,2017-10-15,1942.06
738,JL53,man79,40.0,65.37,26.63,2017-08-26,2017-09-26,2641.43
739,WK18,man35,95.0,65.87,29.81,2017-09-03,2017-10-06,6287.46
740,CN24,man04,49.0,45.8,27.27,2017-08-12,2017-10-15,2271.47
741,IQ25,man62,3.0,54.06,20.5,2017-08-15,2017-10-14,182.68
742,MJ83,man22,77.0,89.49,24.28,2017-08-23,2017-10-20,6915.01
743,CY55,man51,32.0,23.25,21.73,2017-08-27,2017-10-04,765.73
744,XW35,man28,8.0,75.78,11.41,2017-08-26,2017-10-19,617.65
745,SP81,man39,47.0,62.31,18.35,2017-09-01,2017-10-18,2946.92
746,SY90,man47,38.0,70.41,17.08,2017-09-17,2017-09-30,2692.66
747,SW10,man27,36.0,24.7,23.32,2017-08-28,2017-09-30,912.52
748,QD50,man46,45.0,36.68,22.84,2017-08-19,2017-10-05,1673.44
749,FB44,man10,6.0,29.11,13.8,2017-09-09,2017-09-24,188.46
750,EG58,man09,68.0,50.12,16.67,2017-09-11,2017-10-20,3424.83
751,VN91,man35,61.0,99.52,26.16,2017-09-01,2017-10-03,6096.88
752,FF23,man40,25.0,72.65,14.2,2017-07-28,2017-10-14,1830.45
753,RM25,man73,77.0,42.54,10.9,2017-08-18,2017-09-22,3286.48
754,WN30,man72,78.0,29.98,20.16,2017-08-14,2017-10-07,2358.6
755,NE50,man99,17.0,96.77,11.19,2017-09-14,2017-10-05,1656.28
756,UP45,man76,54.0,76.84,23.2,2017-07-25,2017-10-06,4172.56
757,KO10,man11,49.0,30.09,12.1,2017-08-01,2017-10-04,1486.51
758,DK84,man08,14.0,58.66,19.35,2017-07-30,2017-09-26,840.59
759,JC46,man76,79.0,29.24,19.0,2017-09-19,2017-10-20,2328.96
760,JV36,man75,16.0,87.65,19.37,2017-09-12,2017-10-12,1421.77
761,YH25,man05,67.0,78.36,25.76,2017-09-17,2017-10-19,5275.88
762,RF18,man04,96.0,33.23,27.32,2017-08-06,2017-10-08,3217.4
763,RU83,man75,98.0,20.37,15.92,2017-08-10,2017-10-09,2012.18
764,AZ82,man17,36.0,24.56,27.29,2017-08-03,2017-09-23,911.45
765,IX03,man91,58.0,84.14,13.18,2017-07-25,2017-10-14,4893.3
766,GL58,man97,1.0,94.19,20.8,2017-08-02,2017-10-19,114.99
767,ON44,man41,4.0,74.0,22.09,2017-08-21,2017-10-06,318.09
768,CR13,man55,39.0,46.26,17.58,2017-09-15,2017-10-09,1821.72
769,BS54,man86,55.0,65.56,23.93,2017-08-24,2017-10-02,3629.73
770,PY74,man20,77.0,30.35,28.92,2017-08-20,2017-10-03,2365.87
771,KC98,man75,81.0,89.71,18.41,2017-08-19,2017-10-02,7284.92
772,PR37,man47,6.0,58.85,18.66,2017-09-14,2017-10-18,371.76
773,WU51,man24,83.0,57.53,13.98,2017-08-30,2017-10-07,4788.97
774,FO06,man99,64.0,31.16,24.58,2017-07-25,2017-09-27,2018.82
775,PR79,man11,71.0,97.02,20.83,2017-08-02,2017-10-09,6909.25
776,NU34,man14,30.0,98.5,27.42,2017-08-08,2017-10-02,2982.42
777,IZ49,man00,43.0,86.86,16.07,2017-09-10,2017-09-27,3751.05
778,PC18,man10,6.0,53.32,11.48,2017-07-29,2017-10-07,331.4
779,PM04,man22,90.0,83.02,26.3,2017-09-12,2017-09-24,7498.1
780,SU41,man94,78.0,21.35,27.64,2017-09-20,2017-10-07,1692.94
781,GP57,man03,12.0,58.85,29.61,2017-07-23,2017-09-22,735.81
782,UJ30,man39,99.0,66.77,17.04,2017-08-02,2017-09-24,6627.27
783,NX08,man94,13.0,92.05,14.57,2017-08-27,2017-10-12,1211.22
784,DL38,man83,72.0,92.19,16.4,2017-08-01,2017-09-20,6654.08
785,XP23,man47,83.0,50.76,12.05,2017-08-30,2017-09-30,4225.13
786,ZR22,man70,16.0,86.28,13.52,2017-08-02,2017-10-02,1394.0
787,ZS55,man90,56.0,36.95,21.04,2017-08-30,2017-09-20,2090.24
788,IB69,man40,79.0,33.86,21.67,2017-08-16,2017-10-10,2696.61
789,AI55,man24,60.0,90.96,25.72,2017-09-09,2017-10-18,5483.32
790,WN59,man56,29.0,92.18,19.57,2017-08-21,2017-10-11,2692.79
791,RD62,man08,24.0,47.43,18.63,2017-08-31,2017-10-11,1156.95
792,SD96,man77,19.0,61.17,23.55,2017-08-17,2017-09-28,1185.78
793,QA55,man58,31.0,98.72,13.92,2017-08-26,2017-10-02,3074.24
794,UK68,man82,69.0,52.11,21.48,2017-09-13,2017-10-09,3617.07
795,DN46,man67,21.0,27.08,13.35,2017-07-23,2017-09-22,582.03
796,ID32,man26,65.0,40.18,25.29,2017-09-05,2017-09-22,2636.99
797,NJ62,man47,30.0,46.73,15.58,2017-09-07,2017-10-03,1417.48
798,WS37,man60,92.0,90.47,27.03,2017-08-16,2017-09-22,8350.27
799,ED23,man33,49.0,40.55,10.47,2017-08-22,2017-09-30,1997.42
800,AD77,man26,92.0,39.22,17.95,2017-08-02,2017-10-15,3626.19
801,US47,man59,3.0,43.71,10.91,2017-09-15,2017-09-27,142.04
802,VX56,man70,42.0,31.2,19.63,2017-08-01,2017-10-07,1330.03
803,UX18,man96,24.0,86.48,18.28,2017-09-07,2017-09-22,2093.8
804,PZ05,man17,28.0,92.87,12.44,2017-07-31,2017-10-04,2612.8
805,YG14,man66,100.0,36.82,22.75,2017-08-16,2017-09-22,3704.75
806,QZ97,man59,53.0,26.65,16.61,2017-07-31,2017-09-22,1429.06
807,RU31,man54,24.0,26.88,19.67,2017-09-07,2017-09-25,664.79
808,MN90,man61,15.0,95.28,18.66,2017-08-31,2017-10-02,1447.86
809,EK58,man15,14.0,70.54,29.71,2017-08-27,2017-09-24,1017.27
810,SV41,man52,80.0,76.8,13.02,2017-08-25,2017-09-23,6157.02
811,JF46,man85,75.0,80.33,13.57,2017-09-03,2017-09-30,6038.32
812,DE73,man12,88.0,28.57,25.22,2017-08-22,2017-10-12,2539.38
813,OI64,man97,16.0,98.07,17.19,2017-08-13,2017-10-05,1586.31
814,IR40,man52,88.0,57.59,21.4,2017-07-29,2017-10-02,5089.32
815,IR01,man07,5.0,58.63,10.09,2017-09-18,2017-09-22,303.24
816,KG18,man43,34.0,40.35,18.13,2017-07-30,2017-10-01,1390.03
817,ZY48,man66,76.0,78.79,28.8,2017-08-17,2017-09-26,6016.84
818,MG30,man04,21.0,91.7,11.92,2017-08-26,2017-10-20,1937.62
819,KH48,man98,58.0,44.88,26.77,2017-09-06,2017-09-26,2629.81
820,ML46,man02,17.0,50.44,22.39,2017-08-24,2017-09-27,879.87
821,GZ58,man41,8.0,98.18,21.46,2017-07-29,2017-10-17,806.9
822,OT05,man40,48.0,30.58,26.93,2017-09-12,2017-09-25,1494.77
823,FG50,man03,80.0,53.83,27.8,2017-09-19,2017-09-30,4334.2
824,GK06,man97,93.0,79.28,13.12,2017-09-04,2017-10-19,7386.16
825,NF74,man59,94.0,44.99,17.48,2017-08-06,2017-09-27,4246.54
826,RP44,man58,29.0,33.94,11.24,2017-09-07,2017-10-04,995.5
827,ZI43,man07,23.0,48.29,15.32,2017-08-29,2017-10-01,1125.99
828,LS75,man90,1.0,41.23,11.74,2017-08-14,2017-09-23,52.97
829,MR65,man13,36.0,20.61,24.44,2017-08-06,2017-10-08,766.4
830,ZN29,man14,88.0,98.48,29.61,2017-09-20,2017-09-27,8695.85
831,TY83,man30,56.0,70.56,22.42,2017-09-10,2017-10-10,3973.78
832,LR96,man08,33.0,95.54,23.5,2017-09-17,2017-10-14,3176.32
833,EE87,man74,20.0,89.3,25.97,2017-09-03,2017-10-15,1811.97
834,SZ35,man26,51.0,52.91,14.08,2017-09-03,2017-10-04,2712.49
835,IX95,man46,2.0,40.83,24.41,2017-08-13,2017-09-30,106.07
836,JF90,man44,96.0,51.35,10.81,2017-08-30,2017-10-08,4940.41
837,ZO49,man15,42.0,61.46,12.86,2017-09-19,2017-10-08,2594.18
838,LZ22,man80,98.0,43.5,23.1,2017-08-25,2017-09-28,4286.1
839,LP45,man80,17.0,34.28,14.65,2017-08-23,2017-09-20,597.41
840,DM02,man83,75.0,84.66,12.56,2017-07-22,2017-10-11,6362.06
841,ZW33,man96,67.0,59.69,12.59,2017-08-24,2017-10-05,4011.82
842,MO42,man11,22.0,32.96,13.98,2017-08-05,2017-09-30,739.1
843,TO63,man95,49.0,36.22,22.65,2017-08-07,2017-10-06,1797.43
844,VG18,man45,97.0,25.76,16.56,2017-07-22,2017-09-29,2515.28
845,TJ92,man42,21.0,50.41,12.89,2017-09-17,2017-09-26,1071.5
846,FQ05,man22,76.0,95.88,11.16,2017-09-04,2017-10-06,7298.04
847,DL70,man47,54.0,74.08,28.56,2017-09-17,2017-09-21,4028.88
848,QK19,man38,98.0,96.47,24.21,2017-08-09,2017-10-12,9478.27
849,TH50,man69,46.0,47.07,14.76,2017-09-05,2017-10-03,2179.98
850,BR40,man96,91.0,22.29,29.59,2017-08-22,2017-10-05,2057.98
851,YS20,man58,14.0,75.75,29.02,2017-08-23,2017-10-20,1089.52
852,VT75,man89,9.0,97.34,14.66,2017-07-27,2017-10-18,890.72
853,RU51,man30,50.0,80.07,22.6,2017-09-04,2017-10-19,4026.1
854,JE25,man87,71.0,85.89,22.36,2017-07-30,2017-09-27,6120.55
855,FE00,man10,31.0,62.05,13.94,2017-08-11,2017-10-18,1937.49
856,MT80,man84,72.0,56.99,11.45,2017-08-31,2017-09-30,4114.73
857,GV97,man71,91.0,46.88,13.65,2017-08-29,2017-10-02,4279.73
858,VM08,man03,100.0,36.82,19.71,2017-08-24,2017-10-04,3701.71
859,TI62,man74,95.0,95.28,20.18,2017-09-06,2017-10-19,9071.78
860,PD07,man64,42.0,86.36,15.33,2017-09-19,2017-10-14,3642.45
861,JJ48,man71,47.0,81.57,14.13,2017-09-11,2017-09-21,3847.92
862,EY65,man33,23.0,49.17,11.51,2017-07-28,2017-09-22,1142.42
863,LK05,man54,43.0,63.36,22.17,2017-07-30,2017-09-26,2746.65
864,YN37,man00,8.0,44.55,18.65,2017-07-31,2017-10-11,375.05
865,TN93,man73,18.0,57.71,20.03,2017-08-17,2017-09-26,1058.81
866,QS74,man02,78.0,73.3,29.72,2017-08-03,2017-09-21,5747.12
867,XW92,man20,17.0,60.77,17.75,2017-08-15,2017-10-19,1050.84
868,BU18,man61,56.0,21.86,23.98,2017-08-31,2017-09-29,1248.14
869,ZM59,man41,60.0,93.42,29.7,2017-07-27,2017-10-07,5634.9
870,GI96,man42,81.0,47.27,29.77,2017-07-29,2017-09-29,3858.64
871,IE68,man38,41.0,64.34,26.37,2017-08-18,2017-10-14,2664.31
872,IY88,man77,59.0,47.63,17.35,2017-07-24,2017-10-10,2827.52
873,BV55,man88,14.0,70.97,10.47,2017-08-02,2017-10-03,1004.05
874,LV35,man87,61.0,71.53,28.41,2017-08-26,2017-09-25,4391.74
875,ZD67,man99,32.0,47.26,19.89,2017-08-30,2017-10-15,1532.21
876,GR38,man15,90.0,92.46,24.65,2017-08-06,2017-10-01,8346.05
877,OT12,man00,86.0,58.64,15.13,2017-08-13,2017-10-19,5058.17
878,LA04,man81,84.0,94.03,17.27,2017-08-31,2017-09-28,7915.79
879,YA18,man78,85.0,77.05,29.84,2017-08-30,2017-09-23,6579.09
880,GT37,man45,67.0,23.63,19.93,2017-08-11,2017-09-28,1603.14
881,SC79,man38,71.0,94.84,12.97,2017-09-03,2017-10-18,6746.61
882,OE04,man02,96.0,37.11,11.27,2017-08-23,2017-10-11,3573.83
883,WB03,man28,35.0,60.02,13.3,2017-08-31,2017-10-20,2114.0
884,YY17,man42,66.0,47.64,11.07,2017-08-02,2017-09-25,3155.31
885,CZ31,man22,63.0,34.0,26.31,2017-08-11,2017-09-26,2168.31
886,SP64,man74,29.0,30.51,13.99,2017-09-06,2017-10-18,898.78
887,JC88,man81,16.0,87.72,27.53,2017-08-26,2017-10-17,1431.05
888,FP80,man39,30.0,82.12,24.73,2017-08-28,2017-09-24,2488.33
889,UF53,man37,64.0,41.3,25.88,2017-08-17,2017-09-29,2669.08
890,HX69,man78,45.0,69.27,13.53,2017-09-01,2017-09-25,3130.68
891,WG81,man66,73.0,55.99,10.08,2017-08-13,2017-09-24,4097.35
892,DV09,man79,5.0,72.99,26.3,2017-07-23,2017-09-27,391.25
893,UM98,man68,84.0,38.77,12.24,2017-08-31,2017-10-01,3268.92
894,FE02,man68,44.0,70.91,12.04,2017-07-27,2017-10-15,3132.08
895,LF18,man55,20.0,58.71,11.96,2017-08-13,2017-10-08,1186.16
896,UD47,man11,87.0,32.91,21.19,2017-09-17,2017-09-21,2884.36
897,KY79,man49,12.0,62.84,20.21,2017-09-17,2017-10-11,774.29
898,EM36,man47,8.0,86.65,20.19,2017-09-10,2017-09-27,713.39
899,DL18,man24,46.0,94.95,11.51,2017-09-05,2017-10-11,4379.21
900,SF88,man36,65.0,58.77,24.09,2017-08-05,2017-10-14,3844.14
901,XK93,man59,52.0,47.47,27.71,2017-08-14,2017-09-26,2496.15
902,UU07,man76,26.0,50.62,12.16,2017-07-30,2017-10-14,1328.28
903,WR49,man79,62.0,53.72,20.75,2017-09-16,2017-09-26,3351.39
904,VO79,man71,62.0,65.67,20.92,2017-09-15,2017-10-07,4092.46
905,HX48,man92,53.0,89.83,22.85,2017-08-25,2017-10-13,4783.84
906,NF73,man03,89.0,73.03,28.92,2017-08-14,2017-10-15,6528.59
907,FS24,man63,41.0,80.63,26.08,2017-08-31,2017-10-07,3331.91
908,CF42,man79,71.0,55.73,16.42,2017-08-31,2017-10-01,3973.25
909,RG01,man25,40.0,24.38,28.41,2017-08-20,2017-10-14,1003.61
910,SD12,man32,2.0,80.05,23.98,2017-09-10,2017-10-18,184.08
911,KD34,man87,11.0,22.64,26.49,2017-09-09,2017-10-18,275.53
912,XC77,man24,17.0,37.77,13.46,2017-09-13,2017-09-29,655.55
913,LO73,man90,18.0,28.35,12.42,2017-08-24,2017-10-12,522.72
914,OM58,man42,93.0,75.83,28.23,2017-08-26,2017-10-19,7080.42
915,DI48,man87,52.0,86.55,21.93,2017-08-12,2017-10-05,4522.53
916,QP20,man87,44.0,58.52,18.39,2017-08-18,2017-09-21,2593.27
917,OA73,man90,80.0,45.56,14.31,2017-07-23,2017-09-25,3659.11
918,GA68,man95,33.0,28.32,18.32,2017-08-03,2017-09-23,952.88
919,WV80,man57,31.0,78.11,14.85,2017-08-03,2017-10-13,2436.26
920,RF81,man22,28.0,73.59,14.3,2017-09-12,2017-10-10,2074.82
921,NW01,man55,35.0,68.59,29.28,2017-07-30,2017-10-13,2429.93
922,IU80,man83,63.0,25.8,13.33,2017-08-19,2017-10-14,1638.73
923,XJ94,man47,23.0,82.95,22.73,2017-08-30,2017-09-26,1930.58
924,BP80,man17,10.0,77.06,16.35,2017-08-12,2017-10-16,786.95
925,BU69,man82,20.0,77.58,12.65,2017-07-25,2017-10-07,1564.25
926,DO95,man49,77.0,38.1,19.23,2017-09-10,2017-09-25,2952.93
927,PK49,man01,95.0,100.0,21.07,2017-09-18,2017-09-27,9521.07
928,ET28,man26,27.0,48.88,19.43,2017-09-03,2017-09-30,1339.19
929,XA53,man21,2.0,37.07,27.66,2017-07-28,2017-10-17,101.8
930,PF76,man42,61.0,32.49,27.74,2017-07-24,2017-10-16,2009.63
931,GH84,man82,7.0,81.15,17.34,2017-09-12,2017-10-08,585.39
932,PT09,man58,72.0,72.14,14.67,2017-09-10,2017-10-18,5208.75
933,NQ69,man99,9.0,32.84,11.72,2017-08-07,2017-10-10,307.28
934,TP79,man07,18.0,37.65,23.23,2017-09-11,2017-10-15,700.93
935,MI22,man29,22.0,36.15,28.74,2017-08-19,2017-09-21,824.04
936,GC91,man65,65.0,83.42,15.38,2017-07-25,2017-10-09,5437.68
937,OF30,man14,30.0,69.74,29.82,2017-09-09,2017-10-13,2122.02
938,MM43,man82,13.0,33.66,17.92,2017-08-30,2017-09-29,455.5
939,PB66,man88,71.0,51.11,25.76,2017-08-07,2017-10-06,3654.57
940,CC05,man44,97.0,80.28,25.59,2017-08-05,2017-10-06,7812.75
941,IT74,man93,14.0,76.63,25.97,2017-08-21,2017-10-02,1098.79
942,HX75,man20,35.0,60.95,15.85,2017-09-17,2017-10-17,2149.1
943,WF63,man54,89.0,24.86,15.15,2017-08-20,2017-09-28,2227.69
944,MV25,man22,65.0,50.21,28.91,2017-08-22,2017-10-09,3292.56
945,HG98,man09,91.0,80.19,14.16,2017-09-04,2017-10-08,7311.45
946,QW09,man26,32.0,43.38,15.64,2017-08-30,2017-10-06,1403.8
947,BY36,man46,95.0,48.67,20.97,2017-09-13,2017-10-16,4644.62
948,TX34,man71,24.0,91.22,15.99,2017-09-17,2017-10-04,2205.27
949,BZ84,man96,7.0,49.06,18.53,2017-08-21,2017-10-20,361.95
950,VE18,man89,8.0,72.81,26.88,2017-08-30,2017-10-15,609.36
951,PU63,man08,100.0,55.97,21.18,2017-08-30,2017-10-15,5618.18
952,LU92,man06,5.0,50.23,16.53,2017-08-03,2017-09-22,267.68
953,FS55,man60,94.0,64.07,15.54,2017-09-20,2017-10-18,6038.12
954,TX31,man90,89.0,37.32,14.39,2017-09-17,2017-10-20,3335.87
955,XV98,man77,43.0,32.13,14.65,2017-08-11,2017-09-22,1396.24
956,BL26,man48,100.0,91.1,28.1,2017-08-10,2017-10-20,9138.1
957,JO99,man48,8.0,64.09,13.69,2017-07-25,2017-10-03,526.41
958,YT48,man18,67.0,58.79,27.39,2017-08-26,2017-09-23,3966.32
959,HX48,man35,85.0,49.77,28.59,2017-08-04,2017-09-21,4259.04
960,NL04,man25,22.0,34.28,18.49,2017-09-01,2017-10-14,772.65
961,GH11,man54,16.0,80.61,17.74,2017-08-20,2017-10-18,1307.5
962,OC51,man32,96.0,59.79,27.25,2017-08-09,2017-10-09,5767.09
963,WE54,man47,57.0,69.41,14.45,2017-08-28,2017-10-08,3970.82
964,GN05,man67,19.0,37.33,21.16,2017-09-15,2017-10-08,730.43
965,WG52,man04,86.0,50.32,12.83,2017-08-17,2017-10-09,4340.35
966,EL86,man09,93.0,61.91,21.47,2017-08-29,2017-10-06,5779.1
967,WM38,man88,73.0,85.98,27.54,2017-09-02,2017-10-12,6304.08
968,ZM01,man87,71.0,83.64,19.54,2017-09-06,2017-10-08,5957.98
969,LJ40,man73,17.0,47.84,10.17,2017-08-28,2017-10-19,823.45
970,GH41,man83,34.0,98.31,28.19,2017-08-06,2017-10-17,3370.73
971,ES49,man60,96.0,94.93,27.35,2017-07-29,2017-10-06,9140.63
972,NU37,man67,6.0,31.87,24.35,2017-07-22,2017-09-20,215.57
973,QH71,man82,94.0,46.55,28.92,2017-09-19,2017-10-15,4404.62
974,MV92,man41,64.0,58.6,17.28,2017-09-07,2017-10-08,3767.68
975,AW70,man65,10.0,80.37,20.86,2017-09-19,2017-10-12,824.56
976,VU37,man38,61.0,47.89,10.98,2017-09-13,2017-09-20,2932.27
977,NM48,man55,73.0,98.06,19.59,2017-08-09,2017-10-16,7177.97
978,QU65,man34,77.0,85.85,25.33,2017-08-06,2017-10-19,6635.78
979,BI67,man69,89.0,65.07,16.18,2017-09-14,2017-09-27,5807.41
980,GY14,man89,78.0,43.56,18.24,2017-08-16,2017-10-02,3415.92
981,XC44,man42,56.0,62.01,11.57,2017-07-22,2017-10-06,3484.13
982,SX28,man04,17.0,58.65,14.94,2017-09-04,2017-10-02,1011.99
983,RT07,man36,75.0,20.01,22.22,2017-08-01,2017-10-11,1522.97
984,FW89,man21,50.0,64.4,20.89,2017-08-14,2017-09-28,3240.89
985,JA74,man98,48.0,95.98,12.17,2017-08-17,2017-10-01,4619.21
986,GI46,man53,23.0,70.32,14.62,2017-07-27,2017-09-23,1631.98
987,QV04,man56,46.0,61.23,27.16,2017-07-31,2017-10-06,2843.74
988,KC27,man72,62.0,58.55,18.29,2017-09-19,2017-10-10,3648.39
989,IT96,man78,32.0,82.75,15.01,2017-08-31,2017-09-21,2663.01
990,KU20,man43,62.0,21.55,14.83,2017-08-25,2017-10-05,1350.93
991,IJ50,man61,13.0,29.32,21.51,2017-09-02,2017-10-05,402.67
992,PF60,man09,53.0,55.29,10.56,2017-07-22,2017-10-05,2940.93
993,AH99,man11,95.0,29.6,22.84,2017-09-16,2017-09-27,2834.84
994,UG63,man88,72.0,71.87,27.34,2017-09-02,2017-10-16,5201.98
995,AH38,man11,20.0,26.9,24.24,2017-08-27,2017-10-03,562.24
996,HQ06,man66,43.0,53.21,26.39,2017-08-10,2017-10-03,2314.42
997,GN44,man63,15.0,41.26,10.23,2017-07-27,2017-09-30,629.13
998,VN03,man55,32.0,74.13,20.66,2017-07-24,2017-10-20,2392.82
999,RV61,man28,71.0,21.79,23.85,2017-09-09,2017-10-11,1570.94
1000,HR39,man32,51.0,88.5,21.43,2017-08-23,2017-10-05,4534.93
